Fuente,Título,Contenido,Sección,Url,Fecha
Expansión,"['Amazon', 'México', 'querer', 'llevar', 'corazón', 'editorial', 'e-commerce']","['empresa', 'tecnología', 'tener', 'nuevo', 'gerente', 'general', 'país', ',', 'Pedro', 'Huerta', ',', 'tener', 'experiencia', 'industria', 'libro', ',', 'también', 'dispositivo', 'inteligente', '.']",Ciencia y tecnología,https://expansion.mx/tecnologia/2024/03/01/amazon-mexico-quiere-llevar-su-corazon-editorial-al-e-commerce,01/03/2024
Expansión,"['Microsoft', 'vender', 'Toys', 'for', 'Bob', 'volver', 'ser', 'estudio', 'independiente']","['estudio', 'afirmar', 'que', 'ser', 'oportunidad', 'regresar', 'raíz', 'ser', 'empresa', '“', 'pequeño', 'ágil', '”', '.']",Ciencia y tecnología,https://expansion.mx/tecnologia/2024/02/29/microsoft-vende-toys-for-bob-para-volver-a-ser-un-estudio-independiente,29/02/2024
Expansión,"['lavadora', 'IA', 'cuestionar', 'forma', 'lavar']","['tecnología', 'Bespoke', 'AI', 'Laundry', 'estar', 'enfocado', 'hacer', 'más', 'eficiente', 'uso', 'detergente', 'agua', '.']",Ciencia y tecnología,https://expansion.mx/tecnologia/2024/02/29/esta-lavadora-ia-samsung-te-dira-si-lavas-bien-tu-ropa,29/02/2024
Expansión,"['PS', 'Plus', ':', 'ser', 'juegos', 'gratis', 'llegar', 'marzo', '2024']","['PlayStation', 'dar', 'conocer', 'juego', 'gratuito', 'llegar', 'PS', 'Plus', 'marzo', '2024', '.', 'decir', 'ser', 'partir', 'estar', 'disponible', '.']",Ciencia y tecnología,https://expansion.mx/tecnologia/2024/02/29/juegos-gratis-ps-plus-marzo-2024,29/02/2024
Expansión,"['si', 'no', 'actualizar', 'Max', ',', 'dejar', 'paso', 'paso']","['caso', 'que', 'no', 'haber', 'notar', 'cambio', 'necesites', 'hacer', 'migración', 'manera', 'manual', ',', 'explicar', 'hacer él', '.']",Ciencia y tecnología,https://expansion.mx/tecnologia/2024/02/28/como-cambiar-hbo-max-a-max,28/02/2024
Expansión,"['adiós', ',', 'Apple', 'Car', ';', 'holar', 'IA', 'generativo']","['empresa', 'Cupertino', 'cancelar', 'Proyecto', 'Titán', ',', 'enfocar', 'desarrollo', 'vehículo', 'eléctrico', '.']",Ciencia y tecnología,https://expansion.mx/tecnologia/2024/02/28/apple-cancela-proyecto-auto-electrico,28/02/2024
Expansión,"['ya', 'podrás', 'clonar', 'personalidad', 'IA', 'Generativa']","['Rili.ai', 'ser', 'aplicación', 'permitir', 'que', 'usuario', 'tener', 'réplica', ',', 'ya', 'ser', 'través', 'clon', 'laboral', 'asunto', 'personal', '.']",Ciencia y tecnología,https://expansion.mx/tecnologia/2024/02/28/clones-con-inteligencia-artificial-ya-son-una-realidad,28/02/2024
Expansión,"['Huawei', 'querer', 'que', 'estadio', 'Mundial', '2026', 'tener', 'red', '5.5', 'G']","['compañía', 'asegurar', 'que', 'tener', 'capacidad', 'desplegar', 'tecnología', 'generar', 'conexión', 'más', 'rápido', 'recinto', 'concurrido', '.']",Ciencia y tecnología,https://expansion.mx/tecnologia/2024/02/28/huawei-quiere-que-los-estadios-del-mundial-2026-tengan-red-5-5g,28/02/2024
Expansión,"['Hackean', 'Sedena', 'Portal', 'empleo', ';', 'vender', 'dato', 'usuario']","['dato', '12', 'millón', 'mexicano', 'ver', 'afectado', 'vulneración', 'portal', 'empleo.gob.mx', '.']",Ciencia y tecnología,https://expansion.mx/tecnologia/2024/02/27/hackean-sedena-portal-del-empleo,27/02/2024
Expansión,"['¿', 'ser', 'malo', 'dejar', 'laptop', 'conectar', 'tiempo', 'luz', '?']","['lapto', 'ser', 'herramienta', 'uso', '.', 'embargo', ',', 'persona', 'tender', 'dejarla', 'conectado', 'tiempo', '.', 'decir', 'afectar', 'ordenador', '.']",Ciencia y tecnología,https://expansion.mx/tecnologia/2024/02/27/es-malo-dejar-mi-laptop-conectada-todo-el-tiempo,27/02/2024
Expansión,"['IA', 'híbrido', ',', 'así', 'ser', 'desbloquear', 'máximo', 'potencial', 'tecnología']","['conocer', 'nuevo', 'estándar', 'ser', 'especialista', 'estar', 'buscar', 'desarrollar', 'impacto', 'mundo', 'tecnología', '.']",Ciencia y tecnología,https://expansion.mx/tecnologia/2024/02/27/que-es-ia-hibrida-como-superara-potencial-de-chatgpt,27/02/2024
Expansión,"['Sony', 'recortar', '900', 'empleo', 'división', 'PlayStation']","['tecnológico', 'japonés', 'unir', 'ola', 'despido', 'estar', 'afectar', 'industria', 'videojuego', '.']",Ciencia y tecnología,https://expansion.mx/tecnologia/2024/02/27/sony-despido-masivo-cierra-london-studio,27/02/2024
Expansión,"['mexicano', 'gustar', 'smartphón', 'chino']","['George', 'Zhao', ',', 'CEO', 'Honor', 'deviz', ',', 'explicar', 'importancia', 'México', 'estrategia', 'negocio', 'través', 'Latinoamérica', '.']",Ciencia y tecnología,https://expansion.mx/tecnologia/2024/02/27/a-los-mexicanos-les-gustan-los-telefonos-chinos,27/02/2024
Expansión,"['Warner', 'Bros', '.', 'Discovery', 'buscar', 'aumentar', 'cuota', 'mercado', 'México', 'Max']","['plataforma', 'streaming', 'ahora', 'colocar', 'detrás', 'Netflix', 'preferencia', 'consumo', 'contenido', 'parte', 'mexicano', '.']",Ciencia y tecnología,https://expansion.mx/tecnologia/2024/02/27/hbo-max-se-convierte-en-max-precio-mexico,27/02/2024
Expansión,"['Google', 'querer', 'que', 'mejor', 'foto', 'IA', 'solo', 'segundo']","['compañía', 'mostrar', ' ', 'Mobile', 'World', 'Congress', 'aplicativo', 'mejorar', 'foto', ',', 'lectura', 'mensaje', 'auto', 'descripción', 'imagen', 'base', 'IA', '.']",Ciencia y tecnología,https://expansion.mx/tecnologia/2024/02/26/google-android-ia-mwc-2024,27/02/2024
Expansión,"['Xiaomi', 'presentar', 'serie', '14', ',', 'SU7', 'Max', 'cyberdog', 'MWC']","['empresa', 'origen', 'chino', 'presentar', 'novedad', 'feria', 'Barcelona', ',', 'nuevo', 'serie', 'xiaomi', '14', ',', 'lent', 'Leica', '.']",Ciencia y tecnología,https://expansion.mx/tecnologia/2024/02/26/xiaomi-14-ultra-mwc-2024,26/02/2024
Expansión,"['así', 'poder', 'migrar', 'cuenta', 'streaming', 'nuevo', 'cuenta']","['si', 'decidir', 'cuenta', 'que', 'compartía', 'tus', 'papás', 'amigo', ',', 'podrás', 'hacer él', 'siguiente', 'paso', '.']",Ciencia y tecnología,https://expansion.mx/tecnologia/2024/02/26/migrar-perfil-netflix-cuenta-nueva,26/02/2024
Expansión,"['Huawei', 'desarrollar', 'IA', 'Pangu', 'dar', 'batalla', 'Chat', 'GPT']","['gigante', 'tecnológico', 'chino', 'desarrollar', 'IA', 'buscar', 'enfocar', 'servicio', 'industria', 'movilidad', ',', 'minería', ',', 'salud', 'clima', ',', 'contraste', 'Chat', 'GPT', 'que', 'ser', 'usuario', '.']",Ciencia y tecnología,https://expansion.mx/tecnologia/2024/02/26/huawei-desarrolla-su-ia-pangu-para-dar-batalla-a-chat-gpt,26/02/2024
Expansión,"['Honor', 'Magic6', 'Pro', ',', 'así', 'ser', 'teléfono', 'podrás', 'controlar', 'ojo']","['función', 'Eye', 'Control', 'teléfono', 'también', 'ser', 'posible', 'encender', 'dispositivo', ',', 'como', 'automóvil', 'eléctrico', 'compatible', '.']",Ciencia y tecnología,https://expansion.mx/tecnologia/2024/02/25/honor-magic6-pro-lanzamiento-caracteristicas,25/02/2024
Expansión,"['Japón', 'ayudar', 'tsmc', '4.900', 'mdd', 'producción', 'chip', 'IA']","['empresa', ',', 'también', 'estar', 'expandeir', 'EU', 'Alemania', ',', 'tener', 'previsto', 'iniciar', 'producción', 'masa', 'país', 'asiático', 'antes', 'final', 'año', '.']",Ciencia y tecnología,https://expansion.mx/tecnologia/2024/02/24/japon-ayudara-a-tsmc-con-4-900-mdd-para-produccion-de-chips-para-ia,24/02/2024
Expansión,"['Mario', 'vs', 'Donkey', 'Kong', ',', 'regreso', 'clásico', 'más', 'joven', 'disfrutar']","['lanzar', 'nuevo', 'versión', 'juego', 'publicado', 'hacer', '20', 'año', 'Game', 'Boy', 'Advance', '.', '¿', 'edición', 'Nintendo', 'Switch', 'lograr', 'desmarcar él', 'crear', 'camino', '?']",Ciencia y tecnología,https://expansion.mx/tecnologia/2024/02/24/mario-vs-donkey-kong-el-regreso-de-un-clasico-que-los-mas-jovenes-disfrutaran,24/02/2024
Expansión,"['ya', 'poder', 'recargar', 'tarjeta', 'movilidad', 'App', 'CDMX']","['si', 'ser', 'usuario', 'transporte', 'público', 'metrópoli', 'capitalino', ',', 'ya', 'podrás', 'recargar', 'tarjeta', 'movilidad', 'aplicación', 'hacer', 'trámite', 'gobierno', '.']",Ciencia y tecnología,https://expansion.mx/tecnologia/2024/02/23/como-recargar-tarjeta-movilidad-integrada-app-cdmx,23/02/2024
Expansión,"['contenido', 'red', 'dignificar', 'Drags']","['dos', 'ejemplo', 'haber', 'crecer', 'audiencia', 'ser', 'Turbulence', 'Burrita', 'Burrona', 'que', 'más', 'allá', 'nicho', 'comedia', ',', 'haber', 'lograr', 'hablar', 'tema', 'tabú', 'red', 'social', '.']",Ciencia y tecnología,https://expansion.mx/tecnologia/2024/02/22/burrita-burrona-turbulance-crear-contenido-dignifique-drags,22/02/2024
Expansión,"['¿', 'chofer', 'Vemo', 'no', 'cancelar', 'Uber', '?']","['unidad', 'movilidad', 'eléctrico', 'desplegar', 'hacer', 'poco', 'más', 'año', 'finalidad', 'reducir', 'huella', 'carbono', 'sector', '.']",Ciencia y tecnología,https://expansion.mx/tecnologia/2024/02/22/por-que-los-choferes-de-vemo-no-cancelan-viajes-en-uber,22/02/2024
Expansión,"['Intel', 'Microsoft', 'al', 'generar', 'chip', 'personalizado', 'IA']","['colaboración', 'empresa', 'marcar', 'movimiento', 'más', 'importante', 'conseguir', 'objetivo', 'mercado', '.']",Ciencia y tecnología,https://expansion.mx/tecnologia/2024/02/22/intel-y-microsoft-se-alian-para-generar-chips-personalizados-de-ia,22/02/2024
Expansión,"['México', 'no', 'estar', 'listo', 'reconocimiento', 'facial', 'ético']","['nivel', 'protección', 'dato', ',', 'país', 'deber', 'actualizar', 'legislación', 'respecto', ',', 'pues', 'datar', 'hacer', 'más', '10', 'año', '.']",Ciencia y tecnología,https://expansion.mx/tecnologia/2024/02/22/mexico-esta-lejos-construir-ciudades-inteligentes-eticas,22/02/2024
Expansión,"['chatgpt', 'estar', '""', 'embrujado', '""', 'dar', 'respuesta', 'sentido', 'hora']","['openai', ',', 'empresa', 'matriz', 'ChatGPT', ',', 'no', 'explicar', 'suceder', 'herramienta', 'estrella', ',', 'además', 'que', 'desconocer', 'causa', 'falla', '.']",Ciencia y tecnología,https://expansion.mx/tecnologia/2024/02/21/chatgpt-estuvo-embrujado-y-dio-respuestas-sin-sentido-por-horas,21/02/2024
Expansión,"['Netflix', ',', 'videojuego', 'ser', 'centro', 'estrategia', 'largo', 'plazo']","['aunque', 'empresa', 'apenas', 'cumplir', 'dos', 'año', 'sector', ',', 'buscar', 'que', 'convertir', 'forma', 'atraer', 'más', 'fanático', 'principal', 'saga', '.']",Ciencia y tecnología,https://expansion.mx/tecnologia/2024/02/21/por-que-netflix-apuesta-por-los-videojuegos,21/02/2024
Expansión,"['nintendo', 'Xbox', 'junto', '.', 'ser', 'juego', 'Xbox', 'llegar', 'Switch']","['ser', 'resumen', 'principal', 'novedad', 'noticia', 'Nintendo', 'Direct', ':', 'Partner', 'Showcase', ':', 'juego', 'anunciado', 'mañana', ',', 'incluir', 'dos', 'Xbox', '.']",Ciencia y tecnología,https://expansion.mx/tecnologia/2024/02/21/nintendo-direct-partner-showcase-resumen,21/02/2024
Expansión,"['ser', 'red', 'social', 'usuario', 'buscar', 'eliminar', 'más', 'teléfono']","['¿', 'Facebook', ',', 'Instagram', 'Twitter', '?', 'dirar', 'red', 'social', 'poder', 'perder', 'más', 'usuario', 'basado', 'búsqueda', 'internet', 'usuario', '.']",Ciencia y tecnología,https://expansion.mx/tecnologia/2024/02/20/instagram-es-la-red-social-mas-desinstalada-en-el-mundo,20/02/2024
Expansión,"['mexicano', ',', 'computadora', 'deber', 'ser', 'barato', 'portátil']","['tendencia', 'mexicano', 'respecto', 'laptops', 'ser', 'que', 'cumplir', 'característica', ',', 'ahora', 'marca', 'buscar', 'atraer', 'través', 'componente', '.']",Ciencia y tecnología,https://expansion.mx/tecnologia/2024/02/20/que-computadoras-prefieren-comprar-mexicanos,20/02/2024
Expansión,"['Reseña', ':', 'Suicide', 'Squad', 'Kill', 'the', 'Justice', 'League', ':', 'buen', 'juego', ',', 'deuda']","['nuevo', 'videojuego', 'Rocksteady', '-creadores', 'saga', 'Batman', ':', 'arkham-', 'ofrecer', 'tipo', 'experiencia', ',', 'ahora', 'licencia', 'Suicide', 'Squad', ',', 'embargo', 'fan', 'no', 'aceptar', 'propuesta', '.']",Ciencia y tecnología,https://expansion.mx/tecnologia/2024/02/19/resena-suicide-squad-kill-the-justice-league,19/02/2024
Expansión,"['regular', 'IA', 'necesitar', 'controlar', 'venta', 'hardware']","['especialista', 'proponer', 'que', 'GPU', ',', 'ser', 'clave', 'más', 'importante', 'desarrollar', 'Inteligencia', 'Artificial', ',', 'poder', 'funcionar', 'como', 'mecanismo', 'regulación', '.']",Ciencia y tecnología,https://expansion.mx/tecnologia/2024/02/19/para-regular-la-ia-se-necesita-controlar-la-venta-de-hardware,19/02/2024
Expansión,"['¿', 'necesitar', 'ser', 'jugador', 'profesional', 'Street', 'Fighter', '?']","['circuito', 'competitivo', 'juegos', 'peleas', 'tener', 'largo', 'tradición', 'México', ',', 'ahora', 'parecer', 'estar', 'más', 'vivo', 'que', 'nunca', '.']",Ciencia y tecnología,https://expansion.mx/tecnologia/2024/02/19/que-se-necesita-para-ser-jugador-profesional-street-fighter,19/02/2024
La Jornada,"['Juan', 'Arturo', 'Brennan', ':', 'poco', 'rock', 'cosa']","['Conciertos', ' ', 'violín', 'piano', 'ir', 'venir', 'abundancia', '.', 'vez', 'cuando', ',', 'aparecer', 'violonchelo', ',', 'clarinete', 'flauta', '.', ',', 'menos', 'sala', 'concierto', ',', 'imaginación', 'ser', 'poca', 'variedad', 'escaso', '.', ',', 'oferta', 'fin', 'semana', 'pasado', 'Orquesta', 'Juvenil', 'Universitaria', 'Eduardo', 'Mata', '(', 'Ojuem', ')', 'presentar', 'como', 'particularmente', 'atractivo', 'inusual', '.', 'domingo', '25', 'febrero', 'director', 'huésped', ',', 'Jeffery', 'Meyer', ',', 'poner', 'frente', 'Ojuem', 'conducir', 'estreno', 'absoluto', 'Mutación', ',', 'título', 'compositor', 'mexicano', 'Carlo', 'Ayhllón', 'presentar', 'doble', 'concierto', 'guitarra', 'eléctrico', ',', 'piano', '(', 'amplificado', ')', 'orquesta', '.', 'solista', 'debutar', 'obra', 'ser', 'guitarrista', 'Robbin', 'Blanco', 'pianista', 'Fernando', 'Saint-Martin', ',', 'compositor', 'exigir', 'alto', 'dosis', 'estamina', '.', 'más', 'que', 'largo', 'obra', 'hacer', 'perceptible', 'intención', 'Ayhllón', 'equilibrar', 'presencia', 'sonoro', 'dos', 'solista', ',', 'parte', 'león', 'llevar', 'guitarra', 'eléctrico', ',', 'instrumento', 'frecuencia', 'presentar', 'ámbito', 'música', 'académico', '.', 'planteado', 'tres', 'movimiento', 'contrastado', 'tradicional', ',', 'Mutación', 'ser', 'concierto', 'oyente', 'poder', 'detectar', 'estilo', 'rock', 'interesante', 'combinación', 'variante', 'jazz', ';', 'elemento', 'destacado', 'obra', 'Ayhllón', 'expresar', 'uso', 'modo', 'tocar', 'guitarra', 'eléctrico', '.', 'no', 'ser', ',', 'lejos', ',', 'experto', 'tema', ',', 'fugaz', 'momento', 'parecer', 'que', 'Robbin', 'Blanco', 'estar', 'proceso', 'rencarnar', 'Eddie', 'ir', 'Halen', '.', 'además', 'referencia', 'ámbito', 'música', 'popular', ',', 'doble', 'concierto', 'Ayhllón', 'estar', 'habitado', ',', 'como', 'ser', 'lógico', 'esperar', ',', 'pincelada', 'evocativa', '/', 'descriptiva', 'abundar', 'mucho', 'buen', 'música', 'cine', '.', 'Mutación', ',', 'compositor', 'utilizar', ',', 'enjundia', ',', 'orquesta', 'grande', 'ocasión', 'estar', 'franco', 'pugna', 'decibel', 'solista', '.', 'contexto', ',', 'mejor', 'momento', 'Mutación', 'surgir', 'pasaje', 'guitarra', 'eléctrico', 'piano', 'solista', 'trabajar', 'cobijado', 'orquestación', 'más', 'reducido', 'diversificado', '.', 'destacar', ',', 'buen', 'trabajo', 'coloración', 'tímbrico', 'propuesto', 'movimiento', 'central', 'obra', '.', ',', 'como', 'deber', 'ser', 'tipo', 'planteamiento', 'alto', 'contraste', ',', 'tercer', 'movimiento', 'Ayhllón', 'desatar', 'expansivo', 'discurso', 'rock', 'épico-sinfónico', 'caracterizado', 'sabroso', 'complejidad', 'rítmico', 'cimentado', 'pulso', 'prácticamente', 'invariable', ',', 'ser', 'bien', 'sostenido', 'solista', ',', 'director', 'orquesta', '.', 'tampoco', 'ser', 'experto', 'asunto', 'amplificación', 'sonido', ',', 'sí', 'quedar', 'convencido', 'que', 'Mutación', 'ser', 'obra', 'merecer', 'audición', 'sucesivo', 'contexto', 'mejor', 'balance', 'solista', 'plugged', 'orquesta', ' ', 'unplugged', '.', 'no', 'caber', 'duda', 'ser', 'que', 'juego', 'luz', 'color', 'sala', 'Nezahualcóyotl', 'salir', 'sobrar', '.']",Cultura,https://www.jornada.com.mx/2024/03/02/cultura/a04a1cul?partner=rss,02/03/2024
La Jornada,"['fin', 'semana', ',', 'música', ' ', 'concordia', 'OFCM', 'sala', 'Silvestre', 'Revueltas']","['capital', 'mexicano', 'convertir', 'fin', 'semana', 'segundo', 'urbe', 'país', ',', 'después', 'Durango', ',', 'sumar él', 'proyecto', 'cien', 'Ciudades', 'Paz', ',', 'instaurado', 'compositor', ',', 'director', 'orquesta', 'timbalista', 'ruso', 'Yuri', 'Chugúyev', ',', 'Orden', 'Paz', ',', 'instancia', 'ser', 'fundador', 'vicepresidente', '.']",Cultura,https://www.jornada.com.mx/2024/03/02/cultura/a04n1cul?partner=rss,02/03/2024
La Jornada,"['aun', '“', 'analfabetismo', 'funcional', 'más', 'alarmante', ',', 'poesía', 'sobrevivir', '”']","['país', 'como', 'México', ',', 'violencia', 'formar', 'parte', 'cotidianidad', ',', '“', 'poesía', 'lograr', 'colar él', 'grieta', ',', 'pues', 'ser', 'género', 'siempre', 'sobrevivir', '”', ',', 'asegurar', 'poeta', 'Hermann', 'Bellinghausen', '(', 'Ciudad', 'México', ',', '1953', ')', ',', 'sábado', 'presentar', 'antología', 'Despierto', 'sol', ',', 'Feria', 'Internacional', 'Libro', 'Palacio', 'Minería', '(', 'FILPM', ')', '.']",Cultura,https://www.jornada.com.mx/2024/03/02/cultura/a02n1cul?partner=rss,02/03/2024
La Jornada,"['Autor', 'recrear', 'niñez', 'nadador', 'agua', 'abierto', 'hablar', 'duelo', 'esperanza']","['firme', 'voluntad', 'querer', 'nadar', ',', 'Toño', ',', 'nueve', 'año', ',', 'decidir', 'que', 'conseguir', 'medalla', 'olímpico', '.', 'junto', 'amigo', 'imaginario', ',', 'pirata', 'Don', 'Julián', ',', 'dragón', 'protector', 'marino', ',', 'idear', 'tiempo', 'estar', 'mar', ',', 'percibir', 'fuerte', 'golpe', 'ola', 'viento', ',', 'ser', 'punto', 'partida', 'libro', 'mar', 'ya', 'casi', 'termín', '(', 'Naranjo', ')', ',', 'basado', 'infancia', 'nadador', 'agua', 'abierto', 'Antonio', 'Argüelles', '(', 'Morelos', ',', '1959', ')', '.']",Cultura,https://www.jornada.com.mx/2024/03/02/cultura/a03n1cul?partner=rss,02/03/2024
Expansión,"['reunión', 'OMC', 'cerrar', 'acuerdo', 'pesca', 'agricultura']","['directora', 'general', 'organismo', ',', 'Ngozi', 'Okonjo-Iweala', ',', 'destacar', 'que', 'reunión', 'tener', 'lugar', '""', 'trasfondo', 'internacional', 'marcado', 'mayor', 'incertidumbre', 'tiempo', 'recordar', '""', '.']",Economía,https://expansion.mx/economia/2024/03/02/reunion-de-omc-cierra-sin-acuerdos-en-pesca-y-agricultura,02/03/2024
Expansión,"['Monte', 'Piedad', 'lograr', 'acuerdo', 'sindicato']","['contrato', 'colectivo', 'trabajo', 'ser', 'someter', 'votación', 'trabajador', '.']",Economía,https://expansion.mx/economia/2024/03/01/monte-de-piedad-logra-acuerdo-con-sindicato,02/03/2024
Expansión,"['no', 'solo', 'BBVA', ',', 'NU', 'México', 'presentar', 'falla', 'hoy', 'hacer', 'transferencia']","['usuario', 'reportar', 'problema', 'momento', 'querer', 'realizar', 'transferencia', '.']",Economía,https://expansion.mx/economia/2024/03/01/nu-mexico-presenta-fallas-hoy,01/03/2024
Expansión,"['ingreso', 'petrolero', 'tributario', 'quedar', 'debajo', 'meta', 'enero']","['reporte', 'Hacienda', 'observar', 'crecimiento', '28.6%', 'gasto', 'programable', '.']",Economía,https://expansion.mx/economia/2024/03/01/ingresos-tributarios-petroleros-no-logran-meta-hacienda,01/03/2024
Expansión,"['Hacienda', 'reducir', 'subsidio', 'diésel']","['cuota', 'impuesto', 'IEPS', 'ser', '6.08', 'pesos', 'litro', ';', 'diésel', ',', 'monto', 'mayor', 'semana', 'terminar', 'viernes', ',', '5.79', 'pesos', 'litro', '.']",Economía,https://expansion.mx/economia/2024/03/01/hacienda-reduce-subsidio-al-diesel-precio-gasolina,01/03/2024
Expansión,"['analista', 'privado', 'reducir', 'expectativa', 'inflación']","['2024', ',', 'analista', 'consultado', 'Banco', 'México', '(', 'Banxico', ')', 'esperar', 'que', 'inflación', 'cerrar', 'año', 'tasa', '4.10%', ',', '4.17%', 'previo', '.']",Economía,https://expansion.mx/economia/2024/03/01/analistas-privados-reducen-expectativa-de-inflacion,01/03/2024
Expansión,"['BBVA', 'reportar', 'falla', 'sistema']","['banco', 'informar', 'usuario', 'que', 'sistema', 'presentar', 'falla', 'especificar', 'si', 'sólo', 'ser', 'app', 'también', '\xa0', 'sucursal', '.']",Economía,https://expansion.mx/economia/2024/03/01/bbva-falla-app,01/03/2024
Expansión,"['remesa', 'desaceleran', 'enero', 'llegar', '4.574.6', 'mdd']","['primero', 'mes', 'año', ',', 'remesa', 'llegar', 'México', 'caer', '16.8%', 'comparación', 'mes', 'previo', '.']",Economía,https://expansion.mx/economia/2024/03/01/remesas-se-desaceleran-enero-2024,01/03/2024
Expansión,"['Finamex', 'buscar', 'capitalizar', 'nearshoring']","['principal', 'casa', 'bolsa', 'México', 'pretender', 'aprovechar', 'tendencia', ',', 'tiempo', 'que', 'atraer', 'pequeño', 'inversionista', '.']",Economía,https://expansion.mx/economia/2024/03/01/finamex-aprovechar-nearshoring-mexico,01/03/2024
Expansión,"['México', 'arrancar', 'año', '52', 'anuncio', 'inversión', 'casi', '26.000', 'mdd']","['62%', 'anuncio', 'inversión', 'corresponder', 'industria', 'sector', 'manufacturero', '.']",Economía,https://expansion.mx/economia/2024/02/29/mexico-arranca-el-ano-con-52-anuncios-de-inversion-por-casi-26-000-mdd,01/03/2024
Expansión,"['trabajador', 'Monte', 'Piedad', 'votar', 'continuidad', 'huelga']","['caso', 'no', 'llegar', 'acuerdo', 'administración', 'sindicato', 'Monte', 'Piedad', 'semana', ',', 'trabajador', 'decidir', 'si', 'continuar', 'levantar', 'huelga', '.']",Economía,https://expansion.mx/economia/2024/02/29/trabajadores-monte-piedad-votaran-huelga,29/02/2024
Expansión,"['17', 'año', ',', 'participación', 'económico', 'mujer', 'México', 'haber', 'pasar', '43', '46%']","['IMCO', 'apuntar', 'que', 'país', 'participación', 'mujer', 'economía', 'tener', 'retraso', 'importante', 'respecto', 'promedio', 'OCDE', '.']",Economía,https://expansion.mx/economia/2024/02/29/participacion-economica-mujer-mexico-aumento-3-en-17-anos,29/02/2024
Expansión,"['pensionar', '72.623', 'mexicano', 'tasa', 'reemplazo', '72%', ':', 'consar']","['enero', '2021', 'diciembre', 'pasado', ',', '63.360', 'persona', 'haber', 'lograr', 'pensionar él', 'gracias', 'reducción', 'semana', 'cotizado', '.']",Economía,https://expansion.mx/economia/2024/02/29/mas-72-623-mexicanos-pensionan-72-ultimo-salario-consar,29/02/2024
Expansión,"['no', 'mérito', 'propio', ':', 'Millennials', 'ser', 'generación', 'más', 'rico', 'historia']","['ahora', ',', 'importante', 'ser', 'gastar', 'invertir', 'grande', 'fortuna', 'heredar', 'país', 'como', 'Estados', 'Unidos', '.', 'cambio', 'generacional', 'riqueza', 'redefinier', 'rumbo', 'negocio', '.']",Economía,https://expansion.mx/economia/2024/02/29/illennials-seran-generacion-mas-rica-historia,29/02/2024
Expansión,"['digitalización', 'poner', 'competir', 'fintech', 'banco', ':', 'Hacienda']","['Roberto', 'Lazzeri', ',', 'Jefe', 'Oficina', 'Secretario', 'Hacienda', ',', 'señalar', 'que', 'llegada', 'empresa', 'tecnología', 'financiero', 'ayuda', 'competencia', 'favor', 'usuario', '.']",Economía,https://expansion.mx/economia/2024/02/29/digitalizacion-pone-a-competir-a-fintech-y-bancos-hacienda,29/02/2024
Expansión,"['industria', 'farmacéutico', 'mexicano', 'poder', 'prosperar', 'más', 'nearshoring']","['haber', 'mano', 'obra', 'calificado', ',', 'costo', 'competitivo', 'infraestructura', 'propiciar', 'nearshoring', 'industria', 'farmacéutico', 'dispositivo', 'médico', '.']",Economía,https://expansion.mx/economia/2024/02/29/industria-farmaceutica-prosperar-nearshoring,29/02/2024
Expansión,"['Banco', 'México', 'perfilar', '""', 'ajuste', 'fino', '""', 'recorte', 'tasa']","['subgobernador', 'Jonathan', 'Heath', 'decir', 'que', 'ser', '""', 'error', '""', 'bajar', 'tasa', 'prematuramente', 'haber', 'ganar', 'batalla', 'inflación', ';', 'embargo', ',', 'decir', 'que', 'poder', 'haber', 'ajuste', '.']",Economía,https://expansion.mx/economia/2024/02/29/seria-un-error-bajar-tasa-de-interes-jonathan-heath,29/02/2024
Expansión,"['Inflación', 'EU', 'aumentar', 'enero', 'línea', 'previsto']","['índice', 'precio', 'gasto', 'consumo', 'personal', '(', 'PCE', ')', 'subir', '0.3%', 'mes', 'pasado', ',', 'informar', 'jueves', 'Oficina', 'Análisis', 'Económico', 'Departamento', 'Comercio', '.']",Economía,https://expansion.mx/economia/2024/02/29/inflacion-estados-unidos-enero-2024,29/02/2024
Expansión,"['7', 'cada', '10', 'persona', 'invertir', 'después', '""', 'haber', 'ahorrar', '""']","['Carlos', 'Marmolejo', ',', 'director', 'general', 'Sofipo', 'Finsus', ',', 'decir', 'que', 'GameIf', 'buscar', 'educar', 'manera', 'didáctico', 'usuario', 'incentivar', 'ahorro', 'inversión', '.']",Economía,https://expansion.mx/economia/2024/02/29/finsus-fomentar-ahorro-gameif,29/02/2024
Expansión,"['deuda', 'mexicano', 'ir', 'pago', 'pensión']","['2024', 'aprobar', 'techo', 'deuda', '1.9', 'bdp', ',', 'mientras', 'prever', 'gasto', 'pensión', '1500', 'bdp', ',', '465.000', 'mdp', 'programa', 'pensión', 'adulto', 'mayor', '.']",Economía,https://expansion.mx/economia/2024/02/29/la-deuda-mexicana-se-va-en-pago-de-pensiones,29/02/2024
Expansión,"['Impuestos', 'quedar', 'debajo', 'esperado', '4', '5', 'año', 'gobierno']","['México', 'Evalúa', 'advertir', 'bajo', 'generación', 'recurso', 'público', 'renta', 'petrolero', '.', 'ingreso', 'total', 'quedar', 'debajo', 'meta', '2020', '2023', '.']",Economía,https://expansion.mx/economia/2024/02/28/recaudacion-impuestos-gobierno-amlo-debajo-meta,28/02/2024
Expansión,"['porcentaje', 'pobreza', 'laboral', 'anotar', 'segundo', 'menor', 'tasa', '2008']","['acuerdo', 'Coneval', ',', 'último', 'trimestre', '2023', ',', 'entidad', 'menor', 'porcentaje', 'pobreza', 'laboral', 'ser', 'Baja', 'California', 'Sur', ',', 'Baja', 'California', 'Jalisco', '.']",Economía,https://expansion.mx/economia/2024/02/28/pobreza-laboral-baja-2023-pero-mujeres-son-mas-vulnerables,28/02/2024
Expansión,"['Banxico', 'reducir', 'pronóstico', 'economía', 'mexicano', '2.8%']","['Banco', 'México', '(', 'Banxico', ')', 'pronosticar', 'que', 'PIB', 'México', 'crecer', 'menos', 'esperado', '2024', 'mantener', 'pronóstico', '2025', '.']",Economía,https://expansion.mx/economia/2024/02/28/banxico-pronostico-crecimiento-economia-mexicana,28/02/2024
Expansión,"['banquero', 'preparar', 'Convención', 'Acapulco', 'pese', 'recuperación', 'desigual']","['87', 'Convención', 'Bancaria', 'celebrar', 'Acapulco', 'contar', 'presencia', 'presidente', 'López', 'Obrador', 'tres', 'aspirante', 'presidencia', '.']",Economía,https://expansion.mx/economia/2024/02/28/amlo-candidatos-a-presidencia-en-convencion-bancaria-2024,28/02/2024
Expansión,"['Crecimiento', 'económico', 'EU', 'cuarto', 'trimestre', 'revisar', 'bajo']","['Producto', 'Interno', 'Bruto', 'aumentar', 'tasa', 'anualizado', '3.2%', ',', 'revisado', 'ligeramente', 'baja', 'ritmo', '3.3%', '.']",Economía,https://expansion.mx/economia/2024/02/28/crecimiento-economico-eu-cuarto-trimestre-se-revisa-a-la-baja,28/02/2024
Expansión,"['Hacienda', 'congela', 'contratación', 'gobierno', 'federal']","['disposición', 'aplicar', '2', 'marzo', '30', 'septiembre', 'año', ';', 'dinero', 'disponer', 'plaza', 'vacante', 'deber', 'ser', 'devolver', 'ramo', 'Provisiones', 'Salariales', 'Económicas', '.']",Economía,https://expansion.mx/economia/2024/02/28/hacienda-congela-contrataciones-gobierno-federal,28/02/2024
Expansión,"['Hacienda', 'prever', 'que', 'deuda', 'llegar', '48.8%', '\xa0', 'PIB', '\xa0', '\xa0', 'año']","['subsecretario', 'Hacienda', 'señalar', 'que', 'país', 'no', 'requerir', 'reforma', 'tributario', 'poder', 'solventar', 'desequilibrio', 'fiscal', '.']",Economía,https://expansion.mx/economia/2024/02/28/hacienda-preve-que-deuda-llegue-a-48-8-del-pib-este-ano,28/02/2024
Expansión,"['indrive', 'lanza', 'división', 'financiero', 'tarjeta', 'crédito', 'préstamo', 'personal']","['alianza', 'firma', 'como', 'Galileo', ',', 'Mastercard', ',', ',', 'plataforma', 'movilidad', 'ofrecer', 'crédito', 'hasta', '15.000', 'pesos', '.']",Economía,https://expansion.mx/economia/2024/02/28/indrive-money-tarjeta-de-credito,28/02/2024
Expansión,"['SAT', 'duplicar', 'recaudación', 'fiscalizar', 'operación', 'comercio', 'exterior']","['primero', 'cinco', 'año', 'gobierno', ',', 'autoridad', 'fiscal', 'haber', 'poner', 'ojo', 'operación', 'internar', 'enviar', 'mercancía', 'extranjero', '.', 'haber', 'error', 'derivar', 'crédito', 'millonario', '.']",Economía,https://expansion.mx/economia/2024/02/28/sat-fiscalizacion-comercio-exterior,28/02/2024
Expansión,"['arancel', 'acero', 'presionar', 'más', 'EU', 'que', 'México']","['guerra', 'arancel', 'acero', ',', 'Estados', 'Unidos', 'tener', 'perder', ',', 'declarar', 'Raquel', 'Buenrostro', ',', 'secretaria', 'Economía', '.']",Economía,https://expansion.mx/economia/2024/02/27/aranceles-acero-estados-unidos-mexico,28/02/2024
Expansión,"['tema', 'energético', 'Estados', 'Unidos', 'ya', 'resolver', ',', 'asegurar', 'Raquel', 'Buenrostro']","['titular', 'Economía', 'explicar', 'que', 'tema', 'haber', 'diferencia', 'materia', 'energético', '-electricidad', 'hidrocarburos-', 'México', 'eu', 'quedar', 'resuelto', '.']",Economía,https://expansion.mx/economia/2024/02/27/mexico-eu-resolvieron-conflicto-energetico-buenrostro,28/02/2024
Expansión,"['Banco', 'Bienestar', 'superar', 'meta', 'llegar', '3.149', 'sucursal']","['dependencia', 'informar', 'que', '2.750', 'sucursal', 'ser', 'construir', 'exclusivamente', 'Secretaría', 'Defensa', '(', 'Sedena', ')', '.']",Economía,https://expansion.mx/economia/2024/02/27/cuantas-sucursales-tiene-banco-bienestar,27/02/2024
Expansión,"['cet', '28', 'día', 'dar', 'descontado', 'recorte', 'Banxico']","['Cetes', 'corto', 'plazo', 'mantener', 'segundo', 'semana', 'consecutivo', 'tasa', '11%', 'que', 'Cetes', 'dos', 'año', 'bajar', 'nivel', 'más', 'bajo', 'enero', '.']",Economía,https://expansion.mx/economia/2024/02/27/cetes-corto-plazo-mantienen-rendimiento-recorte-tasa-banxico,27/02/2024
Expansión,"['OCDE', 'ver', 'oportunidad', 'recaudar', 'más', 'impuesto', 'México']","['acuerdo', 'Estudio', 'Económico', 'México', ',', 'recaudación', 'impuesto', 'representar', 'apenas', '16.7%', 'producto', 'interno', 'bruto', '(', 'PIB', ')', ',', 'mitad', 'promedio', 'país', 'OCDE', '.']",Economía,https://expansion.mx/economia/2024/02/27/la-ocde-ve-oportunidad-para-recaudar-mas-impuestos-en-mexico,27/02/2024
Expansión,"['¿', 'ser', 'Luis', 'Niño', 'Rivera', '?', 'fundador', 'Banco', 'Azteca']","['banquero', 'haber', 'anunciar', 'retiro', 'Banco', 'Azteca', '20', 'año', 'servicio', ',', 'ser', 'también', 'juventud', 'clavadista', 'olímpico', '.']",Economía,https://expansion.mx/economia/2024/02/27/quien-es-luis-nino-de-rivera-banco-azteca,27/02/2024
Expansión,"['exportación', 'mexicano', 'caer', 'enero']","['primero', 'mes', '2024', ',', 'venta', 'México', 'extranjero', 'registrar', 'disminución', '1.5%', 'tasa', 'anual', '.']",Economía,https://expansion.mx/economia/2024/02/27/mexico-balanza-comercial-importaciones-exportaciones-inegi,27/02/2024
Expansión,"['alto', 'tasa', 'interés', 'presionar', 'Sofomes', 'Sofipos']","['no', 'obtener', 'financiamiento', 'manera', 'banca', ',', 'temporada', 'alto', 'tasa', 'haber', 'repercutir', 'fondeo', 'institución', 'financiero', 'no', 'bancario', '(', 'IFNB', ')', '.']",Economía,https://expansion.mx/economia/2024/02/27/las-altas-tasas-de-interes-presionan-a-sofomes-y-sofipos,27/02/2024
Expansión,"['STPS', 'revisar', 'si', 'haber', 'denegación', 'derecho', 'trabajador', 'RV', 'Fresh', 'Foods']","['Secretaría', 'Trabajo', 'Previsión', 'Social', '(', 'STPS', ')', 'verificar', 'si', 'negar', 'derecho', 'libertad', 'asociación', 'negociación', 'colectivo', 'compañía', 'ubicado', 'Uruapan', ',', 'Michoacán', '.']",Economía,https://expansion.mx/economia/2024/02/26/stps-revisara-si-hay-denegacion-de-derechos-a-trabajadores-de-rv-fresh-foods,27/02/2024
Expansión,"['Luis', 'Niño', 'Rivera', 'renunciar', 'Banco', 'Azteca', ',', 'ya', 'tener', 'nuevo', 'director']","['presidente', 'miembro', 'Consejo', 'Administración', 'Banco', 'Azteca', 'presentar', 'renuncia', 'ahora', 'Alejandro', 'Valenzuela', 'ocupar', 'puesto', ';', 'banco', 'ser', 'dirigir', 'Francisco', 'Rodríguez', '.']",Economía,https://expansion.mx/economia/2024/02/26/luis-nino-de-rivera-renuncia-a-banco-azteca-y-el-banco-tiene-nuevo-director,27/02/2024
Expansión,"['banco', 'digital', ',', '¿', 'diferencia', 'tener', 'cuenta', 'vs', '.', 'tradicional', '?']","['banco', 'estar', 'apostar', 'cuenta', 'digital', 'ser', 'límite', 'depósito', 'reto', 'tener', 'adopción', 'masificación', '.']",Economía,https://expansion.mx/economia/2024/02/26/limite-deposito-al-dia-segun-nivel-cuenta-bancaria,26/02/2024
Expansión,"['no', 'más', 'cobrar', 'impuesto', ':', 'SAT', 'triplico', 'embargo', 'mercancía', 'ilegal']","['SAT', 'realizar', 'operativo', 'carretera', ',', 'visita', 'domiciliario', 'estado', 'República', 'empresa', 'sector', ',', 'entro', 'operativo', '.']",Economía,https://expansion.mx/economia/2024/02/26/no-nada-mas-cobra-impuestos-sat-triplica-el-embargo-de-mercancia-ilegal,26/02/2024
Expansión,"['Citibanamex', 'prever', 'desaceleración', 'remesa', '2024']","['institución', 'bancario', 'advertir', 'que', 'año', 'desaceleración', 'empleo', 'posible', 'recesión', 'economía', 'estadounidense', 'ser', 'causante', 'menor', 'ritmo', 'crecimiento', '.']",Economía,https://expansion.mx/economia/2024/02/26/remesas-mexico-reduciran-ritmo-2024-citibanamex,26/02/2024
Expansión,"['OMC', 'pedir', 'reformar', 'sistema', 'comercial', 'multilateral']","['13ª', 'conferencia', 'ministerial', 'OMC', '(', 'MC13', ')', ',', 'desarrollar', 'jueves', 'Abu', 'Dabi', ',', 'capital', 'Emiratos', 'Árabes', 'Unidos', ',', 'ser', 'primero', 'dos', 'año', '.']",Economía,https://expansion.mx/economia/2024/02/26/omc-pide-reformar-sistema-comercial-multilateral,26/02/2024
Expansión,"['tasa', 'desocupación', 'descender', '2.7%', 'cuatro', 'trimestre', '2023']","['mientras', 'número', 'persona', 'ser', 'mejor', 'último', 'tres', 'mes', 'año', ',', 'población', 'ocupado', 'llegar', '59.4', 'millón', '.']",Economía,https://expansion.mx/economia/2024/02/26/inegi-enoe-empleo-desocupacion-informalidad,26/02/2024
Expansión,"['Gobierno', 'nacionalizar', 'Exportadora', 'Sal']","['compra', 'inversión', 'ser', '1.500', 'millón', 'pesos', ',', 'quedar', '100%', 'mano', 'mexicano', ',', 'participación', '25%', 'Servicio', 'Geológico', 'Mexicano', '75%', 'Fideicomiso', 'Fomento', 'Minero', '.']",Economía,https://expansion.mx/economia/2024/02/24/nacionalizacion-exportadora-de-sal,25/02/2024
Expansión,"['pagarás', 'impuesto', 'IEPS', 'litro', 'gasolina']","['cuota', 'IEPS', 'gasolina', 'Premium', 'Magna', 'ser', '5.21', 'pesos', 'litro', ',', 'semana', '24', 'febrero', '1', 'marzo', '.']",Economía,https://expansion.mx/economia/2024/02/23/la-gasolina-premium-va-por-su-novena-semana-sin-subsidio,23/02/2024
Expansión,"['México', 'presidir', 'Grupo', 'Acción', 'Financiera', 'Internacional']","['Elisa', 'Anda', 'Madrazo', 'convertir', 'primero', 'mujer', 'ocupar', 'presidencia', 'GAFI', 'más', '20', 'año', '.']",Economía,https://expansion.mx/economia/2024/02/23/mexico-asume-gafi-elisa-de-anda-primera-mujer-mando-20-anos,23/02/2024
Expansión,"['Infonavit', 'contar', 'recurso', 'construir', 'vivienda', ',', 'asegurar', 'Carlos', 'Martínez']","['director', 'general', 'instituto', 'decir', 'que', 'contar', 'cerca', '700.000', 'millón', 'pesos', 'cumplir', 'propuesta', 'reforma', 'presentar', 'presidente', '5', 'febrero', '.']",Economía,https://expansion.mx/economia/2024/02/23/infonavit-recursos-cumplir-iniciativa-reforma-amlo,23/02/2024
Expansión,"['aunque', 'Banxico', 'decir', 'contrario', ',', 'ciclo', 'bajista', 'estar', 'comenzar']","['banco', 'central', 'haber', 'mandar', 'mensaje', 'cautela', 'recorte', 'tasa', 'interés', ',', 'analista', 'asegurar', 'que', 'acercar', 'final', 'dinero', 'caro', '.']",Economía,https://expansion.mx/economia/2024/02/23/cuando-bajara-la-tasa-interes-en-mexico,23/02/2024
Expansión,"['crisis', 'ruta', 'marítimo', 'ser', 'amenaza', 'cadena', 'suministro']","['problema', 'geopolítico', ',', 'inseguridad', 'cambio', 'climático', 'haber', 'provocar', 'problema', 'tránsito', 'marítimo', 'mercancía', 'Canal', 'Suez', ',', 'Mar', 'Rojo', 'Canal', 'Panamá', ',', 'señalar', 'UNCTAD', '.']",Economía,https://expansion.mx/economia/2024/02/22/crisis-canal-suez-panama-mar-rojo-cadena-suministro,22/02/2024
La Jornada,"['Carlos', 'Fernández-Vega', ':', 'México', 'SA']","['paisano', 'no', 'dejar', 'apoyar', '   ', 'familia', ',', 'economía', 'mexicano', 'patria', ',', 'xenofobia', ',', 'racismo', 'enferma', 'amenaza', 'gobierno', 'estadunidense', ',', 'gobernador', 'esquizoid', ',', 'como', 'texano', 'Greg', 'Abbott', ',', 'legislador', 'pésima', 'calaña', 'aspirante', 'repetir', 'Casa', 'Blanca', '(', 'Joe', 'Biden', ')', 'regresar', '(', 'Donald', 'Trump', ')', ',', 'forma', 'vil', 'utilizar', 'tema', 'migratorio', 'fin', 'electoral', '.', ',', 'hecho', ',', '¿', 'pasar', 'economía', 'vecino', 'norte', 'si', 'cumplierar', '“', 'regresar él', '”', 'mexicano', '?']",Economía,https://www.jornada.com.mx/2024/03/02/opinion/016o1eco?partner=rss,02/03/2024
La Jornada,"['Producción', 'agrícola', 'récord', 'impulsar', 'economía', 'Brasil']","['Río', 'Janeiro', '.', ',', 'economía', 'brasileño', 'crecer', '2.9', 'ciento', '2023', 'respecto', 'año', 'previo', ',', 'impulsado', 'producción', 'agrícola', 'récord', ',', 'informar', 'ayer', 'estatal', 'Instituto', 'Brasileño', 'Geografía', 'Estadística', '(', 'IBGE', ')', '.']",Economía,https://www.jornada.com.mx/2024/03/02/economia/016n1eco?partner=rss,02/03/2024
La Jornada,"['Precios', 'petróleo', ',', 'cerca', 'romper', 'barrera', '80', 'dólares', 'barril']","['Nueva', 'York', '.', ',', 'precio', 'crudo', 'subir', 'ayer', 'situar', 'barril', 'West', 'Texas', 'Intermediate', '(', 'WTI', ')', ',', 'momentáneamente', ',', 'encima', '80', 'dólares', ',', 'primero', 'vez', 'noviembre', ',', 'ya', 'que', 'mercado', 'volver', 'modo', 'comprador', 'inicio', 'nuevo', 'mes', '.']",Economía,https://www.jornada.com.mx/2024/03/02/economia/015n2eco?partner=rss,02/03/2024
La Jornada,"['Marca', 'histórico', 'remesa', 'enero', ';', 'sumar', '4.575', 'mdd']","['comenzar', 'año', 'remesa', 'imponer', 'nuevo', 'marca', 'histórico', '.', 'enero', 'envío', 'dinero', 'mexicano', 'residir', 'extranjero', 'sumar', '4', 'mil', '575', 'millón', 'dólares', ',', 'mayor', 'monto', 'primero', 'mes', '1995', ',', 'iniciar', 'registro', ',', 'informar', 'Banco', 'México', '(', 'BdeM', ')', '.']",Economía,https://www.jornada.com.mx/2024/03/02/economia/014n1eco?partner=rss,02/03/2024
La Jornada,"['Gasto', 'crecer', '21.3%', 'real', 'primero', 'mes', 'año', ':', 'Hacienda']","['gasto', 'neto', 'Federación', 'ascender', '811', 'mil', '669', 'millón', 'pesos', 'enero', ',', 'aumento', '21.3', 'ciento', 'término', 'real', 'frente', 'igual', 'periodo', 'año', 'pasado', 'ser', 'superior', 'promedio', '3.3', 'ciento', 'último', '10', 'año', 'mes', ',', 'acuerdo', 'Secretaría', 'Hacienda', 'Crédito', 'Público', '(', 'SHCP', ')', '.']",Economía,https://www.jornada.com.mx/2024/03/02/economia/014n2eco?partner=rss,02/03/2024
La Jornada,"['Gana', 'terreno', 'peso', ';', 'revertir', 'pérdida', 'semana', 'anterior']","['tipo', 'cambio', 'concluir', 'jornada', 'viernes', '17.0217', 'pesos', ',', 'apreciación', 'semanal', 'moneda', 'mexicano', '0.61', 'ciento', ',', 'revertir', 'pérdida', 'observado', 'semana', 'anterior', ',', 'acuerdo', 'dato', 'Banco', 'México', '.']",Economía,https://www.jornada.com.mx/2024/03/02/economia/014n3eco?partner=rss,02/03/2024
La Jornada,"['Fed', 'ser', 'cautelosamente', 'optimista', 'inflación']","['Madrid', '.', 'Reserva', 'Federal', 'Estados', 'Unidos', '(', 'Fed', ')', 'informar', 'ayer', 'que', 'sistema', 'bancario', 'ser', '“', 'sólido', '”', '“', 'resiliente', '”', 'aunque', 'estrés', 'financiero', 'desatado', 'año', 'pasado', 'cuenta', 'Silicon', 'Valley', 'Bank', 'Signature', 'Bank', 'haber', '“', 'cedido', '”', ',', 'aún', 'persistir', 'riesgo', 'deber', 'ser', 'vigilar', '.']",Economía,https://www.jornada.com.mx/2024/03/02/economia/016n2eco?partner=rss,02/03/2024
La Jornada,"['Gustavo', 'Gordillo', '/', 'III', ':', 'Mexicanos', 'grito', '…']","['2023', 'revista', 'Nexos', 'publicar', 'tercero', 'ronda', 'encuesta', 'entrevista', 'vinculado', 'idea', 'mexicano', 'como', 'supuesto', 'liberal', 'salvaje', '.', 'Guido', 'Lara', ',', 'Lexia', ',', 'empresa', 'asociado', 'ejercicio', 'patrocinado', 'Nexos', ',', 'resumir', 'hallazgo', 'punto', '.']",Economía,https://www.jornada.com.mx/2024/03/02/economia/015a1eco?partner=rss,02/03/2024
La Jornada,"['Activos', 'CFE', 'estar', 'valuado', '21', 'bdp', ',', 'destacar', 'foro']","['activo', 'Comisión', 'Federal', 'Electricidad', '(', 'CFE', ')', 'estar', 'valuado', '21', 'billón', 'pesos', ',', 'aseverar', 'presidente', 'Comisión', 'Infraestructura', 'Cámara', 'Diputados', ',', 'Reginaldo', 'Sandoval', '.', 'manifestar', 'legislador', 'petista', 'que', '“', 'reforma', 'neoliberal', 'proyectar', 'que', '2031', 'CFE', 'como', 'empresa', 'público', 'Estado', 'desaparecer', ',', 'consecuencia', ',', 'producción', 'energía', 'eléctrico', 'llevar', 'cabo', 'empresa', 'privado', ';', 'invertir', '33', 'mil', 'millón', 'dólares', '”', '.']",Economía,https://www.jornada.com.mx/2024/03/02/economia/015n1eco?partner=rss,02/03/2024
La Jornada,"['Cáscaras', 'avellana', 'revelar', 'ser', 'bosque', 'Mesolítico']","['Madrid', '.', 'análisis', 'isótopo', 'carbono', 'cáscara', 'avellana', 'encontrado', 'sitio', 'arqueológico', 'hacer', 'posible', 'revelar', 'ser', 'lugar', 'vivir', 'humano', 'hacer', 'milenio', '.']",Ciencia y tecnología,https://www.jornada.com.mx/2024/03/02/ciencias/a05n1cie?partner=rss,02/03/2024
La Jornada,"['elefante', 'asiático', 'enterrar', 'pequeño', 'muerto', 'llorar']","['Nueva', 'Delhi', '.', 'elefante', 'asiático', 'enterrar', 'pequeño', 'muerto', 'llorar', 'ruidosamente', ',', 'estudio', 'realizado', 'científico', 'indio', ',', 'detallar', 'comportamiento', 'paquidermo', ',', 'parecido', 'rito', 'funerario', 'humano', '.']",Ciencia y tecnología,https://www.jornada.com.mx/2024/03/02/ciencias/a05n2cie?partner=rss,02/03/2024
La Jornada,"['reventa', 'ofrecer', 'boleto', 'más', 'barato', 'que', 'taquilla']","['Acapulco', ',', 'Gro', '.', ',', 'estrago', 'huracán', 'Otis', 'frustrar', 'plan', 'aficionado', 'pretender', 'asistir', 'Abierto', 'Mexicano', 'Tenis', '.', 'propiedad', 'dañado', 'habitación', 'disponible', 'hotel', ',', 'haber', 'optar', 'revender', 'boleto', 'ya', 'ser', 'fuera', 'estadio', 'red', 'social', '.']",Deportes,https://www.jornada.com.mx/2024/03/02/deportes/a09n2dep?partner=rss,02/03/2024
La Jornada,"['Fiscalía', 'buscar', 'pena', 'más', 'severo', 'Dani', 'Alves']","['Barcelona', '.', 'Fiscalía', 'español', 'recurrir', 'condena', 'cuatro', 'año', 'medio', 'impuesto', 'ex', 'futbolista', 'brasileño', 'Dani', 'Alves', ',', 'agresión', 'sexual', ',', 'intención', 'retirar', 'atenuante', 'pago', 'económico', 'busca', 'sanción', 'más', 'severo', '.']",Deportes,https://www.jornada.com.mx/2024/03/02/deportes/a11n3dep?partner=rss,02/03/2024
La Jornada,"['australiano', 'Alex', 'Miñaur', 'colocar', 'paso', 'bicampeonato']","['Acapulco', ',', 'Gro', '.', ',', 'tener', 'que', 'pasar', '11', 'año', 'que', 'campeón', 'Abierto', 'Mexicano', 'Tenis', 'llegar', 'final', 'año', 'después', 'coronar él', '.', 'Alex', 'Miñaur', 'conseguir', '.', 'australiano', 'superar', 'ayer', 'penúltimo', 'obstáculo', 'carrera', 'rumbo', 'bicampeonato', 'igualar', 'así', 'español', 'David', 'Ferrer', '(', '2013', ')', '.']",Deportes,https://www.jornada.com.mx/2024/03/02/deportes/a09n1dep?partner=rss,02/03/2024
La Jornada,"['Diablos', 'Rojos', 'anunciar', 'Canó', 'como', 'fichaje', 'estrella']","['335', 'jonrón', '17', 'tempo-rada', 'Grandes', 'Ligas', '(', 'MLB', ')', ',', 'Robinson', 'Canó', 'ser', 'gran', 'fichaje', 'temporada', 'Liga', 'Mexicana', 'Beisbol', '(', 'LMB', ')']",Deportes,https://www.jornada.com.mx/2024/03/02/deportes/a11n2dep?partner=rss,02/03/2024
La Jornada,"['rublev', 'insultar', 'juez', 'expulsar']","['Andrey', 'Rublev', ',', 'quinto', 'ranking', 'ATP', ',', 'ser', 'descalificar', 'ayer', 'semifinal', 'Torneo', 'Dubái', 'insultar', 'gritar él', 'cara', 'juez', 'línea', '.', 'ruso', 'explotar', 'luego', 'que', 'rival', ',', 'kazajo', 'Alexander', 'Bublik', ',', 'supuestamente', 'ganar', 'punto', 'ir él', 'arriba', '6-5', 'set', 'decisivo', '.', 'supervisor', 'Roland', 'Herfel', 'asegurar', 'que', 'tenista', 'decir', 'grosería', 'lengua', 'materno', ',', 'mientras', 'jugador', 'declarar', 'haber', 'lanzar', 'frase', 'inglés', '.', 'Bublik', 'ahora', 'enfrentar', 'francés', 'Ugo', 'Humbert', ',', 'eliminar', 'campeón', 'defensor', 'Daniil', 'Medvedev', '.']",Deportes,https://www.jornada.com.mx/2024/03/02/deportes/a10n3dep?partner=rss,02/03/2024
La Jornada,"['Mazatlán', 'quitar', 'invicto', 'Necaxa', ';', 'vencer', '2-1']","['invicto', 'nueve', 'partido', 'derrota', 'Necaxa', 'caer', 'jornada', '10', 'Liga', 'MX', '.', 'racha', 'ganador', 'Rayos', 'ser', 'detener', 'Mazatlán', 'no', 'haber', 'tener', 'regularidad', 'torneo', ',', 'que', 'fecha', 'reciente', 'haber', 'lograr', 'rescatar', 'empate', 'importante', 'América', 'Guadalajara', '.']",Deportes,https://www.jornada.com.mx/2024/03/02/deportes/a27n2dep?partner=rss,02/03/2024
La Jornada,"['Capital', 'rojiblanco', ';', 'afición', 'Chivas', 'hacer', 'sentir', 'amor', 'camiseta']","['lugar', 'jugar', 'Guadalajara', 'florecer', 'amor', 'primavera', '.', 'aficionado', 'reconocer', 'fervorosamente', 'esfuerzo', 'importancia', 'color', ',', 'cantar', 'orgulloso', 'porque', 'jugador', 'más', 'representativo', 'futbol', 'mexicano', ',', 'campeonísimo', 'años', '50', 'como', 'Guillermo', 'Tigre', 'Sepúlveda', ',', 'Salvador', 'Reyes', ',', 'Jaime', 'Tubo', 'Gómez', 'José', 'Jamaicón', 'Villegas', ',', 'hacer', 'escudo', 'más', 'ganador', '.', '“', '¡', 'Chiiivas', ',', 'Chiiivas', '!', '”', '.']",Deportes,https://www.jornada.com.mx/2024/03/02/deportes/a11n1dep?partner=rss,02/03/2024
La Jornada,"['González', 'Skupski', ',', 'final', 'doble', 'Abierto', 'Acapulco']","['Acapulco', ',', 'Gro', '.', ',', 'Santiago', 'González', 'pareja', 'Neal', 'Skupski', 'estar', 'paso', 'convertir él', 'monarca', 'doble', 'Abierto', 'Mexicano', 'Tenis', '.']",Deportes,https://www.jornada.com.mx/2024/03/02/deportes/a27n1dep?partner=rss,02/03/2024
La Jornada,"['Verstappen', 'quedar', 'primero', 'pole', '2024']","['separación', 'Sergio', 'Pérez', 'Max', 'Verstappen', 'ser', 'mínimo', '.', 'distancia', '358', 'milésima', 'ser', 'diferencia', 'pole', 'position', 'neerlandés', 'quinto', 'lugar', 'largar', 'mexicano', 'primero', 'carrera', 'temporada', 'Fórmula', '1', 'Baréin', '.']",Deportes,https://www.jornada.com.mx/2024/03/02/deportes/a10n1dep?partner=rss,02/03/2024
La Jornada,"['López', ':', 'Tri', 'femenil', '“', 'no', ' ', 'achicar', '”', 'Paraguay']","['Pedro', 'López', ',', 'entrenador', 'selección', 'femenil', 'mexicana', ',', 'asegurar', 'que', 'equipo', 'no', 'sentir', 'intimidado', 'Paraguay', ',', 'rival', 'domingo', 'cuarto', 'final', 'Copa', 'Oro', 'W', 'caracteri-cer', 'desplegar', 'juego', 'brusco', ',', 'además', 'que', 'contar', 'buen', 'nivel', 'competitivo', '.']",Deportes,https://www.jornada.com.mx/2024/03/02/deportes/a11n4dep?partner=rss,02/03/2024
La Jornada,"['Luchadores', 'romper', '28', 'año', 'ausencia', 'Olímpicos', ';', 'lograr', 'dos', 'plaza', 'París']","['Acapulco', ',', 'Gro', '.', ',', 'lucha', 'mexicano', 'romper', 'sequía', '28', 'año', 'modalidad', 'libre', 'conseguir', 'dos', 'plaza', 'París', '2024', 'torneo', 'Preolímpico', 'concluir', 'ayer', 'Acapulco', '.']",Deportes,https://www.jornada.com.mx/2024/03/02/deportes/a10n2dep?partner=rss,02/03/2024
