Fuente,Título,Contenido,Sección,Url,Fecha
Expansión,Amazon México quiere llevar su corazón editorial al e-commerce,"La empresa de tecnología tiene un nuevo gerente general en el país, Pedro Huerta, quien tiene experiencia en la industria de los libros, pero también en dispositivos inteligentes.",Ciencia y tecnología,https://expansion.mx/tecnologia/2024/03/01/amazon-mexico-quiere-llevar-su-corazon-editorial-al-e-commerce,01/03/2024
Expansión,Microsoft vende Toys for Bob para volver a ser un estudio independiente,El estudio afirmó que esta es una oportunidad para regresar a las raíces de ser una empresa “pequeña y ágil”.,Ciencia y tecnología,https://expansion.mx/tecnologia/2024/02/29/microsoft-vende-toys-for-bob-para-volver-a-ser-un-estudio-independiente,29/02/2024
Expansión,Esta lavadora con IA cuestionará tu forma de lavar,La tecnología de la Bespoke AI Laundry está enfocada en hacer más eficiente el uso de detergentes y agua.,Ciencia y tecnología,https://expansion.mx/tecnologia/2024/02/29/esta-lavadora-ia-samsung-te-dira-si-lavas-bien-tu-ropa,29/02/2024
Expansión,PS Plus: estos son los juegos gratis que llegan en marzo de 2024,PlayStation dio a conocer los juegos gratuitos que llegarán a PS Plus en marzo de 2024. Te decimos cuáles son y a partir de cuándo estarán disponibles.,Ciencia y tecnología,https://expansion.mx/tecnologia/2024/02/29/juegos-gratis-ps-plus-marzo-2024,29/02/2024
Expansión,"Si no se actualizó Max, te dejamos el paso a paso","En caso de que no hayas notado el cambio o necesites hacer la migración de manera manual, te explicamos cómo hacerlo.",Ciencia y tecnología,https://expansion.mx/tecnologia/2024/02/28/como-cambiar-hbo-max-a-max,28/02/2024
Expansión,"Adiós, Apple Car; hola a la IA generativa","La empresa de Cupertino canceló su Proyecto Titán, mismo que se enfocaba en el desarrollo de un vehículo eléctrico.",Ciencia y tecnología,https://expansion.mx/tecnologia/2024/02/28/apple-cancela-proyecto-auto-electrico,28/02/2024
Expansión,Ya podrás clonar tu personalidad con IA Generativa,"Rili.ai es una aplicación que permite que los usuarios tengan una réplica de ellos mismos, ya sea a través de un clon laboral o uno para asuntos personales.",Ciencia y tecnología,https://expansion.mx/tecnologia/2024/02/28/clones-con-inteligencia-artificial-ya-son-una-realidad,28/02/2024
Expansión,Huawei quiere que los estadios del Mundial 2026 tengan red 5.5G,La compañía aseguró que tiene la capacidad de desplegar tecnología para generar conexiones más rápidas en recintos concurridos.,Ciencia y tecnología,https://expansion.mx/tecnologia/2024/02/28/huawei-quiere-que-los-estadios-del-mundial-2026-tengan-red-5-5g,28/02/2024
Expansión,Hackean a la Sedena y el Portal del empleo; venden datos de los usuarios,Los datos de 12 millones de mexicanos se vieron afectados por esta vulneración al portal empleo.gob.mx.,Ciencia y tecnología,https://expansion.mx/tecnologia/2024/02/27/hackean-sedena-portal-del-empleo,27/02/2024
Expansión,¿Es malo dejar mi laptop conectada todo el tiempo a la luz?,"Las laptos son herramientas de mucho uso. Sin embargo, muchas personas tienden a dejarlas conectadas todo el tiempo. Te decimos cómo afecta esto a tu ordenador.",Ciencia y tecnología,https://expansion.mx/tecnologia/2024/02/27/es-malo-dejar-mi-laptop-conectada-todo-el-tiempo,27/02/2024
Expansión,"IA híbrida, así es cómo se desbloqueará el máximo potencial de la tecnología",Conoce por qué este nuevo estándar es lo que los especialistas están buscando desarrollar y su impacto en el mundo de la tecnología.,Ciencia y tecnología,https://expansion.mx/tecnologia/2024/02/27/que-es-ia-hibrida-como-superara-potencial-de-chatgpt,27/02/2024
Expansión,Sony recorta 900 empleos de su división de PlayStation,La tecnológica japonesa se une a la ola de despidos que está afectando a la industria de los videojuegos.,Ciencia y tecnología,https://expansion.mx/tecnologia/2024/02/27/sony-despido-masivo-cierra-london-studio,27/02/2024
Expansión,A los mexicanos les gustan los smartphones chinos,"George Zhao, CEO de Honor devices, explicó la importancia de México para su estrategia de negocios a través de toda Latinoamérica.",Ciencia y tecnología,https://expansion.mx/tecnologia/2024/02/27/a-los-mexicanos-les-gustan-los-telefonos-chinos,27/02/2024
Expansión,Warner Bros. Discovery busca aumentar cuota de mercado en México con Max,La plataforma de streaming hasta ahora se coloca detrás de Netflix en la preferencia de consumo de contenidos por parte de los mexicanos.,Ciencia y tecnología,https://expansion.mx/tecnologia/2024/02/27/hbo-max-se-convierte-en-max-precio-mexico,27/02/2024
Expansión,Google quiere que mejores tus fotos con IA en solo segundos,"La compañía mostró  en el Mobile World Congress aplicativos para mejorar fotos, lectura de mensajes en auto y descripciones de imágenes con base en IA.",Ciencia y tecnología,https://expansion.mx/tecnologia/2024/02/26/google-android-ia-mwc-2024,27/02/2024
Expansión,"Xiaomi presenta su serie 14, el SU7 Max y su cyberdog en el MWC","La empresa de origen chino presentó varias novedades en la feria de Barcelona, entre ellas la nueva serie Xiaomi 14, con lentes Leica.",Ciencia y tecnología,https://expansion.mx/tecnologia/2024/02/26/xiaomi-14-ultra-mwc-2024,26/02/2024
Expansión,Así puedes migrar tus cuentas de streaming a una nueva cuenta,"Si decidiste independizarte de la cuenta que compartías con tus papás o amigos, podrás hacerlo con los siguientes pasos.",Ciencia y tecnología,https://expansion.mx/tecnologia/2024/02/26/migrar-perfil-netflix-cuenta-nueva,26/02/2024
Expansión,Huawei desarrolla su IA Pangu para dar batalla a Chat GPT,"El gigante tecnológico chino desarrolló su IA que busca enfocar su servicio en industrias de movilidad, minería, salud y clima, en contraste con Chat GPT que es para cualquier usuario.",Ciencia y tecnología,https://expansion.mx/tecnologia/2024/02/26/huawei-desarrolla-su-ia-pangu-para-dar-batalla-a-chat-gpt,26/02/2024
Expansión,"Honor Magic6 Pro, así es el teléfono que podrás controlar con los ojos","Con la función de Eye Control de este teléfono también será posible encender otros dispositivos, como automóviles eléctricos compatibles.",Ciencia y tecnología,https://expansion.mx/tecnologia/2024/02/25/honor-magic6-pro-lanzamiento-caracteristicas,25/02/2024
Expansión,"Japón ayudará a TSMC con 4,900 mdd para producción de chips para IA","La empresa, que también se está expandiendo en EU y Alemania, tiene previsto iniciar la producción en masa en el país asiático antes de finales de año.",Ciencia y tecnología,https://expansion.mx/tecnologia/2024/02/24/japon-ayudara-a-tsmc-con-4-900-mdd-para-produccion-de-chips-para-ia,24/02/2024
Expansión,"Mario vs Donkey Kong, el regreso de un clásico que los más jóvenes disfrutarán",Nintendo lanzó esta nueva versión del juego publicado hace 20 años en Game Boy Advance. ¿Esta edición para Nintendo Switch logra desmarcarse y crear su propio camino?,Ciencia y tecnología,https://expansion.mx/tecnologia/2024/02/24/mario-vs-donkey-kong-el-regreso-de-un-clasico-que-los-mas-jovenes-disfrutaran,24/02/2024
Expansión,Ya puedes recargar tu tarjeta de movilidad con la App CDMX,"Si eres usuario del transporte público en la metrópoli capitalina, ya podrás recargar la tarjeta de movilidad desde la aplicación donde haces los trámites con el gobierno.",Ciencia y tecnología,https://expansion.mx/tecnologia/2024/02/23/como-recargar-tarjeta-movilidad-integrada-app-cdmx,23/02/2024
Expansión,El contenido en redes dignifica a las Drags,"Dos ejemplos que han crecido en audiencia son Turbulence y Burrita Burrona que más allá del nicho de comedia, han logrado hablar de temas tabú en sus redes sociales.",Ciencia y tecnología,https://expansion.mx/tecnologia/2024/02/22/burrita-burrona-turbulance-crear-contenido-dignifique-drags,22/02/2024
Expansión,¿Por qué los choferes de Vemo no cancelan en Uber?,Estas unidades de movilidad eléctrica se desplegaron hace poco más de un año con la finalidad de reducir la huella de carbono del sector.,Ciencia y tecnología,https://expansion.mx/tecnologia/2024/02/22/por-que-los-choferes-de-vemo-no-cancelan-viajes-en-uber,22/02/2024
Expansión,Intel y Microsoft se alían para generar chips personalizados de IA,La colaboración entre estas empresas marca uno de los movimientos más importantes para conseguir sus objetivos de mercado.,Ciencia y tecnología,https://expansion.mx/tecnologia/2024/02/22/intel-y-microsoft-se-alian-para-generar-chips-personalizados-de-ia,22/02/2024
Expansión,México no está listo para el reconocimiento facial ético,"A nivel de protección de datos, el país debe actualizar sus legislaciones al respecto, pues estas datan de hace más de 10 años.",Ciencia y tecnología,https://expansion.mx/tecnologia/2024/02/22/mexico-esta-lejos-construir-ciudades-inteligentes-eticas,22/02/2024
Expansión,"ChatGPT estuvo ""embrujado"" y dio respuestas sin sentido por horas","OpenAI, la empresa matriz de ChatGPT, no explicó qué le sucedió a su herramienta estrella, además de que se desconocen las causas de la falla.",Ciencia y tecnología,https://expansion.mx/tecnologia/2024/02/21/chatgpt-estuvo-embrujado-y-dio-respuestas-sin-sentido-por-horas,21/02/2024
Expansión,"En Netflix, los videojuegos son el centro de su estrategia a largo plazo","Aunque la empresa apenas cumplió dos años en este sector, buscan que se convierta en una forma de atraer a más fanáticos de sus principales sagas.",Ciencia y tecnología,https://expansion.mx/tecnologia/2024/02/21/por-que-netflix-apuesta-por-los-videojuegos,21/02/2024
Expansión,Nintendo y Xbox juntos. Estos son los juegos de Xbox que llegarán a Switch,"Este es el resumen con las principales novedades y noticias del Nintendo Direct: Partner Showcase: todos los juegos anunciados esta mañana, incluyendo dos de Xbox.",Ciencia y tecnología,https://expansion.mx/tecnologia/2024/02/21/nintendo-direct-partner-showcase-resumen,21/02/2024
Expansión,Esta es la red social que los usuarios buscan eliminar más de sus teléfonos,"¿Facebook, Instagram o Twitter? Te diremos qué red social podría perder más usuarios basado en las búsquedas de internet de los usuarios.",Ciencia y tecnología,https://expansion.mx/tecnologia/2024/02/20/instagram-es-la-red-social-mas-desinstalada-en-el-mundo,20/02/2024
Expansión,"Para los mexicanos, las computadoras deben ser baratas y portátiles","Una de las tendencias de los mexicanos respecto a laptops es que cumplan con estas características, pero ahora las marcas buscan atraer a través de sus componentes.",Ciencia y tecnología,https://expansion.mx/tecnologia/2024/02/20/que-computadoras-prefieren-comprar-mexicanos,20/02/2024
Expansión,"Reseña: Suicide Squad Kill the Justice League: un buen juego, pero con deudas","El nuevo videojuego de Rocksteady -creadores de la saga Batman: Arkham- ofrece otro tipo de experiencia, ahora con la licencia de Suicide Squad, sin embargo los fans no aceptan la propuesta.",Ciencia y tecnología,https://expansion.mx/tecnologia/2024/02/19/resena-suicide-squad-kill-the-justice-league,19/02/2024
Expansión,Para regular la IA se necesita controlar la venta de hardware,"Especialistas proponen que las GPU, al ser una de las claves más importantes para desarrollar la Inteligencia Artificial, puede funcionar como mecanismo de regulación.",Ciencia y tecnología,https://expansion.mx/tecnologia/2024/02/19/para-regular-la-ia-se-necesita-controlar-la-venta-de-hardware,19/02/2024
Expansión,¿Qué se necesita para ser un jugador profesional de Street Fighter?,"El circuito competitivo de juegos de peleas tiene una larga tradición en México, pero ahora parece estar más vivo que nunca.",Ciencia y tecnología,https://expansion.mx/tecnologia/2024/02/19/que-se-necesita-para-ser-jugador-profesional-street-fighter,19/02/2024
La Jornada,Juan Arturo Brennan: Un poco de rock y otras cosas,"Conciertos  para violín y para piano van y vienen en abundancia. De vez en cuando, aparecen el violonchelo, el clarinete o la flauta. Pero, al menos en nuestras salas de concierto, la imaginación es poca y la variedad escasa. Por ello, la oferta del fin de semana pasado de la Orquesta Juvenil Universitaria Eduardo Mata (Ojuem) se presentaba como algo particularmente atractivo e inusual. El domingo 25 de febrero el director huésped, Jeffery Meyer, se puso al frente de la Ojuem para conducir el estreno absoluto de Mutación, título con el que el compositor mexicano Carlo Ayhllón presentó su doble concierto para guitarra eléctrica, piano (amplificado) y orquesta. Los solistas que debutaron esta obra fueron el guitarrista Robbin Blanco y el pianista Fernando Saint-Martin, de quienes el compositor exigió altas dosis de estamina. Por más que a lo largo de la obra se hizo perceptible la intención de Ayhllón de equilibrar la presencia sonora de sus dos solistas, la parte del león se la llevó la guitarra eléctrica, instrumento que con poca frecuencia se presenta en el ámbito de la música académica. Planteado en los tres movimientos contrastados tradicionales, Mutación es un concierto en el que el oyente puede detectar diversos estilos de rock en una interesante combinación con algunas variantes del jazz; este elemento destacado en la obra de Ayhllón se expresa en el uso de varios modos de tocar la guitarra eléctrica. No soy, ni de lejos, un experto en el tema, pero durante algunos fugaces momentos me pareció que Robbin Blanco estaba en proceso de rencarnar a Eddie van Halen. Además de estas y otras referencias al ámbito de las músicas populares, este doble concierto de Ayhllón está habitado, como es lógico esperar, de las pinceladas evocativas/descriptivas que abundan en su muy buena música para cine. En Mutación, el compositor utiliza, con mucha enjundia, una orquesta grande que en ocasiones está en franca pugna de decibeles con los solistas. En este contexto, algunos de los mejores momentos de Mutación surgieron en los pasajes en los que la guitarra eléctrica y el piano solistas trabajan cobijados por una orquestación más reducida y diversificada. A destacar, el buen trabajo de coloración tímbrica propuesto para el movimiento central de la obra. Y, como debe ser en este tipo de planteamientos de alto contraste, en el tercer movimiento Ayhllón desata un expansivo discurso de rock épico-sinfónico caracterizado por una sabrosa complejidad rítmica cimentada en un pulso prácticamente invariable, que fue bien sostenido por solistas, director y orquesta. Tampoco soy un experto en asuntos de amplificación de sonido, pero sí quedé convencido de que Mutación es una obra que merece audiciones sucesivas en contextos de un mejor balance entre los solistas plugged y la orquesta  unplugged. De lo que no me cabe duda es que los juegos con luces de colores en la sala Nezahualcóyotl salieron sobrando.",Cultura,https://www.jornada.com.mx/2024/03/02/cultura/a04a1cul?partner=rss,02/03/2024
La Jornada,"Este fin de semana, música  por la concordia con la OFCM en la sala Silvestre Revueltas","La capital mexicana se convertirá este fin de semana en la segunda urbe del país, después de Durango, en sumarse al proyecto Cien Ciudades por la Paz, instaurado por el compositor, director de orquesta y timbalista ruso Yuri Chugúyev, mediante la Orden de la Paz, instancia de la que él es fundador y vicepresidente.",Cultura,https://www.jornada.com.mx/2024/03/02/cultura/a04n1cul?partner=rss,02/03/2024
La Jornada,"Aun ante “el analfabetismo funcional más alarmante, la poesía sobrevivirá”","En un país como México, donde la violencia forma parte de la cotidianidad, “la poesía logra colarse por cualquier grieta, pues es un género que siempre sobrevivirá”, aseguró el poeta Hermann Bellinghausen (Ciudad de México, 1953), quien este sábado presentará su antología Despierto al sol, en la Feria Internacional del Libro del Palacio de Minería (FILPM).",Cultura,https://www.jornada.com.mx/2024/03/02/cultura/a02n1cul?partner=rss,02/03/2024
La Jornada,Autor recrea la niñez de un nadador de aguas abiertas para hablar de duelo y esperanza,"Con la firme voluntad de querer nadar, Toño, de nueve años, decide que conseguirá una medalla olímpica. Junto a su amigo imaginario, el pirata Don Julián, y su dragón protector marino, él idea todo el tiempo que está en el mar, y percibe el fuerte golpe de las olas y el viento, este es el punto de partida del libro El mar ya casi termina (El Naranjo), basado en la infancia del nadador de aguas abiertas Antonio Argüelles (Morelos, 1959).",Cultura,https://www.jornada.com.mx/2024/03/02/cultura/a03n1cul?partner=rss,02/03/2024
Expansión,La reunión de la OMC cierra sin acuerdos en pesca y agricultura,"La directora general del organismo, Ngozi Okonjo-Iweala, destacó que la reunión tuvo lugar ""contra un trasfondo internacional marcado por la mayor incertidumbre de cualquier tiempo que se recuerde"".",Economía,https://expansion.mx/economia/2024/03/02/reunion-de-omc-cierra-sin-acuerdos-en-pesca-y-agricultura,02/03/2024
Expansión,Monte de Piedad logra acuerdo con sindicato,El contrato colectivo de trabajo será sometido a votación de los trabajadores.,Economía,https://expansion.mx/economia/2024/03/01/monte-de-piedad-logra-acuerdo-con-sindicato,02/03/2024
Expansión,"No solo BBVA, NU México presenta fallas hoy para hacer transferencias",Algunos usuarios reportaron problemas al momento de querer realizar transferencias.,Economía,https://expansion.mx/economia/2024/03/01/nu-mexico-presenta-fallas-hoy,01/03/2024
Expansión,Ingresos petroleros y tributarios quedan por debajo de sus metas en enero,En el reporte de Hacienda se observó un crecimiento de 28.6% en el gasto programable.,Economía,https://expansion.mx/economia/2024/03/01/ingresos-tributarios-petroleros-no-logran-meta-hacienda,01/03/2024
Expansión,Hacienda reduce el subsidio al diésel,"La cuota por el impuesto IEPS será de 6.08 pesos por litro; para el diésel, un monto mayor al de la semana que termina este viernes, de 5.79 pesos por litro.",Economía,https://expansion.mx/economia/2024/03/01/hacienda-reduce-subsidio-al-diesel-precio-gasolina,01/03/2024
Expansión,Analistas privados reducen expectativa de inflación,"Para el 2024, analistas consultados por el Banco de México (Banxico) esperan que la inflación cierre el año en una tasa de 4.10%, desde un 4.17% previo.",Economía,https://expansion.mx/economia/2024/03/01/analistas-privados-reducen-expectativa-de-inflacion,01/03/2024
Expansión,BBVA reporta fallas en sus sistemas,El banco informó a sus usuarios que sus sistemas presentaban fallas sin especificar si sólo era la app o también en sucursales.,Economía,https://expansion.mx/economia/2024/03/01/bbva-falla-app,01/03/2024
Expansión,"Las remesas se desaceleran en enero y llegan a 4,574.6 mdd","En el primer mes de este año, las remesas que llegaron a México cayeron 16.8% en comparación con el mes previo.",Economía,https://expansion.mx/economia/2024/03/01/remesas-se-desaceleran-enero-2024,01/03/2024
Expansión,Finamex busca capitalizar el nearshoring,"Una de las principales casas de bolsa en México pretende aprovechar esta tendencia, al tiempo que atrae a pequeños inversionistas.",Economía,https://expansion.mx/economia/2024/03/01/finamex-aprovechar-nearshoring-mexico,01/03/2024
Expansión,"México arranca el año con 52 anuncios de inversión por casi 26,000 mdd",El 62% de los anuncios de inversión corresponde a la industria del sector manufacturero.,Economía,https://expansion.mx/economia/2024/02/29/mexico-arranca-el-ano-con-52-anuncios-de-inversion-por-casi-26-000-mdd,01/03/2024
Expansión,Trabajadores de Monte de Piedad votarán por continuidad de huelga,"En caso de no llegar a un acuerdo entre la administración y el sindicato de Monte de Piedad esta semana, los trabajadores decidirán si continúa o se levanta la huelga.",Economía,https://expansion.mx/economia/2024/02/29/trabajadores-monte-piedad-votaran-huelga,29/02/2024
Expansión,"En 17 años, participación económica de mujeres en México ha pasado de 43 a 46%",El IMCO apunta que en el país la participación de las mujeres en la economía tiene un retraso importante respecto al promedio de la OCDE.,Economía,https://expansion.mx/economia/2024/02/29/participacion-economica-mujer-mexico-aumento-3-en-17-anos,29/02/2024
Expansión,"Se pensionan 72,623 mexicanos con tasa de reemplazo del 72%: Consar","De enero de 2021 a diciembre pasado, 63,360 personas han logrado pensionarse gracias a la reducción de las semanas cotizadas.",Economía,https://expansion.mx/economia/2024/02/29/mas-72-623-mexicanos-pensionan-72-ultimo-salario-consar,29/02/2024
Expansión,No por mérito propio: Millennials serán la generación más rica de la historia,"Ahora, lo importante es cómo gastarán en invertirán las grandes fortunas que heredarán en países como Estados Unidos. El cambio generacional de la riqueza redefinirá el rumbo de los negocios.",Economía,https://expansion.mx/economia/2024/02/29/illennials-seran-generacion-mas-rica-historia,29/02/2024
Expansión,La digitalización pone a competir a fintech y bancos: Hacienda,"Roberto Lazzeri, Jefe de la Oficina del Secretario de Hacienda, señala que la llegada de empresas de tecnología financiera ayuda a la competencia en favor de los usuarios.",Economía,https://expansion.mx/economia/2024/02/29/digitalizacion-pone-a-competir-a-fintech-y-bancos-hacienda,29/02/2024
Expansión,La industria farmacéutica mexicana puede prosperar más con el nearshoring,"Hay mano de obra calificada, costos competitivos e infraestructura para propiciar el nearshoring en la industria farmacéutica y de dispositivos médicos.",Economía,https://expansion.mx/economia/2024/02/29/industria-farmaceutica-prosperar-nearshoring,29/02/2024
Expansión,"Banco de México perfila ""ajuste fino"" en el recorte a la tasa","El subgobernador Jonathan Heath dijo que sería un ""error"" bajar la tasa prematuramente sin haber ganado la batalla contra la inflación; sin embargo, dijo que podría haber un ajuste.",Economía,https://expansion.mx/economia/2024/02/29/seria-un-error-bajar-tasa-de-interes-jonathan-heath,29/02/2024
Expansión,Inflación en EU aumenta en enero en línea con lo previsto,"El índice de precios de los gastos de consumo personal (PCE) subió un 0.3% el mes pasado, informó el jueves la Oficina de Análisis Económico del Departamento de Comercio.",Economía,https://expansion.mx/economia/2024/02/29/inflacion-estados-unidos-enero-2024,29/02/2024
Expansión,"7 de cada 10 personas invierten después del ""hubiera ahorrado""","Carlos Marmolejo, director general de la Sofipo Finsus, dijo que con GameIf buscan educar de manera didáctica a los usuarios incentivando el ahorro y las inversiones.",Economía,https://expansion.mx/economia/2024/02/29/finsus-fomentar-ahorro-gameif,29/02/2024
Expansión,La deuda mexicana se va en pago de pensiones,"Para 2024 se aprobó un techo de deuda de 1.9 bdp, mientras se prevé un gasto en pensiones por 1.500 bdp, y 465,000 mdp para el programa de pensiones para adultos mayores.",Economía,https://expansion.mx/economia/2024/02/29/la-deuda-mexicana-se-va-en-pago-de-pensiones,29/02/2024
Expansión,Impuestos quedan por debajo de lo esperado en 4 de 5 años de gobierno,México Evalúa advierte sobre la baja generación de recursos públicos por renta petrolera. Los ingresos totales quedaron por debajo de su meta en 2020 y 2023.,Economía,https://expansion.mx/economia/2024/02/28/recaudacion-impuestos-gobierno-amlo-debajo-meta,28/02/2024
Expansión,El porcentaje de pobreza laboral anota su segunda menor tasa desde 2008,"De acuerdo con el Coneval, en el último trimestre de 2023, las entidades con menor porcentaje de pobreza laboral fueron Baja California Sur, Baja California y Jalisco.",Economía,https://expansion.mx/economia/2024/02/28/pobreza-laboral-baja-2023-pero-mujeres-son-mas-vulnerables,28/02/2024
Expansión,Banxico reduce pronósticos para la economía mexicana a 2.8%,El Banco de México (Banxico) pronostica que el PIB de México crecerá menos de lo esperado este 2024 y mantuvo sus pronósticos para 2025.,Economía,https://expansion.mx/economia/2024/02/28/banxico-pronostico-crecimiento-economia-mexicana,28/02/2024
Expansión,Los banqueros preparan Convención en Acapulco pese a recuperación desigual,La 87 Convención Bancaria se celebrará en Acapulco y contará con la presencia del presidente López Obrador y a los tres aspirantes a la presidencia.,Economía,https://expansion.mx/economia/2024/02/28/amlo-candidatos-a-presidencia-en-convencion-bancaria-2024,28/02/2024
Expansión,Crecimiento económico de EU en el cuarto trimestre se revisa a la baja,"El Producto Interno Bruto aumentó a una tasa anualizada del 3.2%, revisada ligeramente a la baja desde el ritmo del 3.3%.",Economía,https://expansion.mx/economia/2024/02/28/crecimiento-economico-eu-cuarto-trimestre-se-revisa-a-la-baja,28/02/2024
Expansión,Hacienda congela contrataciones en el gobierno federal,La disposición se aplicará del 2 de marzo al 30 de septiembre de este año; el dinero del que se dispone por las plazas vacantes deberá ser devuelto al ramo de Provisiones Salariales y Económicas.,Economía,https://expansion.mx/economia/2024/02/28/hacienda-congela-contrataciones-gobierno-federal,28/02/2024
Expansión,Hacienda prevé que deuda llegue a 48.8% del PIB este año,El subsecretario de Hacienda señala que el país no requiere de una reforma tributaria para poder solventar desequilibrios fiscales.,Economía,https://expansion.mx/economia/2024/02/28/hacienda-preve-que-deuda-llegue-a-48-8-del-pib-este-ano,28/02/2024
Expansión,inDrive lanza división financiera con tarjeta de crédito y préstamos personales,"Tras una alianza con firmas como Galileo, Mastercard, entre otros, la plataforma de movilidad ofrecerá créditos de hasta 15,000 pesos.",Economía,https://expansion.mx/economia/2024/02/28/indrive-money-tarjeta-de-credito,28/02/2024
Expansión,El SAT duplica la recaudación por fiscalizar operaciones de comercio exterior,"En los primeros cinco años del gobierno, la autoridad fiscal ha puesto el ojo en las operaciones para internar y enviar mercancías al extranjero. Hay errores que derivan en créditos millonarios.",Economía,https://expansion.mx/economia/2024/02/28/sat-fiscalizacion-comercio-exterior,28/02/2024
Expansión,Aranceles al acero presionan más a EU que a México,"En una guerra de aranceles al acero, Estados Unidos tiene la de perder, declaró Raquel Buenrostro, secretaria de Economía.",Economía,https://expansion.mx/economia/2024/02/27/aranceles-acero-estados-unidos-mexico,28/02/2024
Expansión,"El tema energético con Estados Unidos ya se resolvió, asegura Raquel Buenrostro",La titular de Economía explicó que todos los temas por los que había una diferencia en materia energética -electricidad y de hidrocarburos- entre México y EU quedaron resueltos.,Economía,https://expansion.mx/economia/2024/02/27/mexico-eu-resolvieron-conflicto-energetico-buenrostro,28/02/2024
Expansión,"Banco del Bienestar supera meta y llega a 3,149 sucursales","La dependencia informó que 2,750 sucursales fueron construidas exclusivamente por la Secretaría de la Defensa (Sedena).",Economía,https://expansion.mx/economia/2024/02/27/cuantas-sucursales-tiene-banco-bienestar,27/02/2024
Expansión,Los Cetes a 28 días dan por descontado recorte de Banxico,Los Cetes de corto plazo se mantuvieron por segunda semana consecutiva con tasa del 11% mientras que los Cetes a dos años bajaron a su nivel más bajo desde enero.,Economía,https://expansion.mx/economia/2024/02/27/cetes-corto-plazo-mantienen-rendimiento-recorte-tasa-banxico,27/02/2024
Expansión,La OCDE ve oportunidad para recaudar más impuestos en México,"De acuerdo con el Estudio Económico sobre México, la recaudación de impuestos representa apenas el 16.7% del producto interno bruto (PIB), la mitad del promedio de los países de la OCDE.",Economía,https://expansion.mx/economia/2024/02/27/la-ocde-ve-oportunidad-para-recaudar-mas-impuestos-en-mexico,27/02/2024
Expansión,¿Quién es Luis Niño de Rivera? Uno de los fundadores de Banco Azteca,"El banquero que ha anunciado su retiro de Banco Azteca tras 20 años de servicio, fue también en su juventud clavadista olímpico.",Economía,https://expansion.mx/economia/2024/02/27/quien-es-luis-nino-de-rivera-banco-azteca,27/02/2024
Expansión,Las exportaciones mexicanas caen en enero,"Durante el primer mes de 2024, las ventas de México al extranjero registraron una disminución de 1.5% a tasa anual.",Economía,https://expansion.mx/economia/2024/02/27/mexico-balanza-comercial-importaciones-exportaciones-inegi,27/02/2024
Expansión,Las altas tasas de interés presionan a Sofomes y Sofipos,"Al no obtener financiamiento de la misma manera de la banca, la temporada de altas tasas ha repercutido en el fondeo de instituciones financieras no bancarias (IFNB).",Economía,https://expansion.mx/economia/2024/02/27/las-altas-tasas-de-interes-presionan-a-sofomes-y-sofipos,27/02/2024
Expansión,STPS revisará si hay denegación de derechos a trabajadores de RV Fresh Foods,"La Secretaría del Trabajo y Previsión Social (STPS) verificará si se niegan los derechos a la libertad de asociación y negociación colectiva en la compañía ubicada en Uruapan, Michoacán.",Economía,https://expansion.mx/economia/2024/02/26/stps-revisara-si-hay-denegacion-de-derechos-a-trabajadores-de-rv-fresh-foods,27/02/2024
Expansión,"Luis Niño de Rivera renuncia a Banco Azteca, que ya tiene nuevo director",El presidente y miembro del Consejo de Administración de Banco Azteca presentó su renuncia y ahora Alejandro Valenzuela ocupará su puesto; el banco será dirigido por Francisco Rodríguez.,Economía,https://expansion.mx/economia/2024/02/26/luis-nino-de-rivera-renuncia-a-banco-azteca-y-el-banco-tiene-nuevo-director,27/02/2024
Expansión,"Los bancos digitales, ¿qué diferencias tienen sus cuentas vs. las tradicionales?",Los bancos están apostando por cuentas digitales pero son los límites de depósitos el reto que tienen para la adopción y masificación.,Economía,https://expansion.mx/economia/2024/02/26/limite-deposito-al-dia-segun-nivel-cuenta-bancaria,26/02/2024
Expansión,No nada más cobra impuestos: SAT triplica el embargo de mercancía ilegal,"El SAT realizó operativos en carreteras, visitas domiciliarias en diferentes estados de la República a empresas de diferentes sectores, entro otros operativos.",Economía,https://expansion.mx/economia/2024/02/26/no-nada-mas-cobra-impuestos-sat-triplica-el-embargo-de-mercancia-ilegal,26/02/2024
Expansión,Citibanamex prevé desaceleración de las remesas en 2024,La institución bancaria advierte que este año la desaceleración del empleo y una posible recesión en la economía estadounidense serán los causantes de este menor ritmo de crecimiento.,Economía,https://expansion.mx/economia/2024/02/26/remesas-mexico-reduciran-ritmo-2024-citibanamex,26/02/2024
Expansión,La OMC pide reformar el sistema comercial multilateral,"La 13ª conferencia ministerial de la OMC (MC13), que se desarrollará hasta el jueves en Abu Dabi, capital de Emiratos Árabes Unidos, es la primera en dos años.",Economía,https://expansion.mx/economia/2024/02/26/omc-pide-reformar-sistema-comercial-multilateral,26/02/2024
Expansión,La tasa de desocupación descendió a 2.7% en el cuatro trimestre de 2023,"Mientras el número de personas fue mejor en los últimos tres meses del año, la población ocupada llegó hasta los 59.4 millones.",Economía,https://expansion.mx/economia/2024/02/26/inegi-enoe-empleo-desocupacion-informalidad,26/02/2024
Expansión,Gobierno nacionaliza Exportadora de Sal,"La compra de inversiones fue por 1,500 millones de pesos, queda 100% en manos de mexicanos, con una participación de 25% del Servicio Geológico Mexicano y de 75% del Fideicomiso de Fomento Minero.",Economía,https://expansion.mx/economia/2024/02/24/nacionalizacion-exportadora-de-sal,25/02/2024
Expansión,Esto pagarás de impuesto IEPS por cada litro de gasolina,"Las cuotas por IEPS a las gasolinas Premium y Magna serán de 5.21 pesos por litro, para la semana del 24 de febrero al 1 de marzo.",Economía,https://expansion.mx/economia/2024/02/23/la-gasolina-premium-va-por-su-novena-semana-sin-subsidio,23/02/2024
Expansión,México preside el Grupo de Acción Financiera Internacional,Elisa de Anda Madrazo se convierte en la primera mujer en ocupar la presidencia del GAFI en más de 20 años.,Economía,https://expansion.mx/economia/2024/02/23/mexico-asume-gafi-elisa-de-anda-primera-mujer-mando-20-anos,23/02/2024
Expansión,"Infonavit cuenta con recursos para construir vivienda, asegura Carlos Martínez","El director general del instituto dijo que se cuenta con cerca de 700,000 millones de pesos para cumplir con la propuesta de reforma que presentó el presidente el 5 de febrero.",Economía,https://expansion.mx/economia/2024/02/23/infonavit-recursos-cumplir-iniciativa-reforma-amlo,23/02/2024
Expansión,"Aunque Banxico diga lo contrario, el ciclo bajista está por comenzar","El banco central ha mandado un mensaje de cautela en los recortes a la tasa de interés, pero los analistas aseguran que se acerca el final del dinero caro.",Economía,https://expansion.mx/economia/2024/02/23/cuando-bajara-la-tasa-interes-en-mexico,23/02/2024
Expansión,Crisis en las rutas marítimas es una amenaza para las cadenas de suministro,"Problemas geopolíticos, inseguridad y el cambio climático han provocado problemas para el tránsito marítimo de mercancías en el Canal de Suez, el Mar Rojo y el Canal de Panamá, señala la UNCTAD.",Economía,https://expansion.mx/economia/2024/02/22/crisis-canal-suez-panama-mar-rojo-cadena-suministro,22/02/2024
La Jornada,Carlos Fernández-Vega: México SA,"Los paisanos no dejan de apoyar    a sus familias, a la economía mexicana y a su patria, con todo y la xenofobia, el racismo y las enfermas amenazas del gobierno estadunidense, de algunos gobernadores esquizoides, como el texano Greg Abbott, de legisladores de pésima calaña y de los aspirantes a repetir en la Casa Blanca (Joe Biden) o a regresar a ella (Donald Trump), quienes de forma por demás vil utilizan el tema migratorio con fines electorales. Pero, en los hechos, ¿qué pasaría en la economía del vecino del norte si cumplieran con aquello de “regresarlos a todos” los mexicanos?",Economía,https://www.jornada.com.mx/2024/03/02/opinion/016o1eco?partner=rss,02/03/2024
La Jornada,Producción agrícola récord impulsó la economía de Brasil,"Río de Janeiro., La economía brasileña creció 2.9 por ciento en 2023 respecto al año previo, impulsada sobre todo por una producción agrícola récord, informó ayer el estatal Instituto Brasileño de Geografía y Estadística (IBGE).",Economía,https://www.jornada.com.mx/2024/03/02/economia/016n1eco?partner=rss,02/03/2024
La Jornada,"Precios del petróleo, cerca de romper la barrera de 80 dólares por barril","Nueva York., Los precios del crudo subieron ayer hasta situar el barril de West Texas Intermediate (WTI), momentáneamente, por encima de 80 dólares, por primera vez desde noviembre, ya que el mercado volvió al modo comprador con el inicio del nuevo mes.",Economía,https://www.jornada.com.mx/2024/03/02/economia/015n2eco?partner=rss,02/03/2024
La Jornada,"Marca histórica de remesas en enero; suman 4,575 mdd","Al comenzar el año las remesas impusieron una nueva marca histórica. En enero los envíos de dinero de mexicanos que residen en el extranjero sumaron 4 mil 575 millones de dólares, el mayor monto para un primer mes desde 1995, cuando se inició el registro, informó el Banco de México (BdeM).",Economía,https://www.jornada.com.mx/2024/03/02/economia/014n1eco?partner=rss,02/03/2024
La Jornada,Gasto creció 21.3% real en el primer mes del año: Hacienda,"El gasto neto de la Federación ascendió a 811 mil 669 millones de pesos en enero, un aumento de 21.3 por ciento en términos reales frente a igual periodo del año pasado y fue superior al promedio de 3.3 ciento de los últimos 10 años para el mismo mes, de acuerdo con la Secretaría de Hacienda y Crédito Público (SHCP).",Economía,https://www.jornada.com.mx/2024/03/02/economia/014n2eco?partner=rss,02/03/2024
La Jornada,Gana terreno el peso; revierte pérdidas de la semana anterior,"El tipo de cambio concluyó la jornada del viernes en 17.0217 pesos, una apreciación semanal de la moneda mexicana de 0.61 por ciento, con lo que revirtió las pérdidas observadas la semana anterior, de acuerdo con datos del Banco de México.",Economía,https://www.jornada.com.mx/2024/03/02/economia/014n3eco?partner=rss,02/03/2024
La Jornada,La Fed es cautelosamente optimista ante la inflación,"Madrid. La Reserva Federal de Estados Unidos (Fed) informó ayer que el sistema bancario es “sólido” y “resiliente” y aunque el estrés financiero desatado el año pasado a cuenta del Silicon Valley Bank y el Signature Bank ha “cedido”, aún persisten riesgos que deben ser vigilados.",Economía,https://www.jornada.com.mx/2024/03/02/economia/016n2eco?partner=rss,02/03/2024
La Jornada,Gustavo Gordillo / III: Mexicanos al grito de…,"En 2023 la revista Nexos publicó la tercera ronda de las encuestas y entrevistas vinculadas con la idea del mexicano como supuesto liberal salvaje. Guido Lara, de Lexia, empresa asociada a este ejercicio patrocinado por Nexos, resume sus hallazgos en varios puntos.",Economía,https://www.jornada.com.mx/2024/03/02/economia/015a1eco?partner=rss,02/03/2024
La Jornada,"Activos de CFE están valuados en 21 bdp, destacan en foro","Los activos de la Comisión Federal de Electricidad (CFE) están valuados en 21 billones de pesos, aseveró el presidente de la Comisión de Infraestructura de la Cámara de Diputados, Reginaldo Sandoval. Manifestó el legislador petista que “con la reforma neoliberal se proyectaba que para 2031 la CFE como empresa pública del Estado desaparecería y, en consecuencia, toda la producción de la energía eléctrica la llevarían a cabo empresas privadas; para ello invirtieron 33 mil millones de dólares”.",Economía,https://www.jornada.com.mx/2024/03/02/economia/015n1eco?partner=rss,02/03/2024
La Jornada,Cáscaras de avellanas revelan cómo eran los bosques del Mesolítico,Madrid. Un análisis de los isótopos de carbono de las cáscaras de avellanas encontradas en sitios arqueológicos hace posible revelar cómo eran los lugares en los que vivían los humanos hace milenios.,Ciencia y tecnología,https://www.jornada.com.mx/2024/03/02/ciencias/a05n1cie?partner=rss,02/03/2024
La Jornada,Elefantes asiáticos entierran sus pequeños muertos y los lloran,"Nueva Delhi. Los elefantes asiáticos entierran sus pequeños muertos y los lloran ruidosamente, según un estudio realizado por científicos indios, que detallan el comportamiento de los paquidermos, parecido a los ritos funerarios humanos.",Ciencia y tecnología,https://www.jornada.com.mx/2024/03/02/ciencias/a05n2cie?partner=rss,02/03/2024
La Jornada,La reventa ofrece boletos más baratos que en taquilla,"Acapulco, Gro., Los estragos del huracán Otis frustraron los planes de muchos aficionados que pretendían asistir al Abierto Mexicano de Tenis. Con sus propiedades dañadas y pocas habitaciones disponibles en los hoteles, algunos han optado por revender sus boletos ya sea fuera del estadio o en redes sociales.",Deportes,https://www.jornada.com.mx/2024/03/02/deportes/a09n2dep?partner=rss,02/03/2024
La Jornada,Fiscalía buscará una pena más severa para Dani Alves,"Barcelona. La Fiscalía española recurrirá la condena de cuatro años y medio impuesta al ex futbolista brasileño Dani Alves, por agresión sexual, con la intención de retirar el atenuante por un pago económico en busca de una sanción más severa.",Deportes,https://www.jornada.com.mx/2024/03/02/deportes/a11n3dep?partner=rss,02/03/2024
La Jornada,El australiano Alex de Miñaur se coloca a un paso del bicampeonato,"Acapulco, Gro., Tuvieron que pasar 11 años para que un campeón del Abierto Mexicano de Tenis llegara a la final un año después de coronarse. Alex de Miñaur lo consiguió. El australiano superó ayer el penúltimo obstáculo en su carrera rumbo al bicampeonato igualando así al español David Ferrer (2013).",Deportes,https://www.jornada.com.mx/2024/03/02/deportes/a09n1dep?partner=rss,02/03/2024
La Jornada,Los Diablos Rojos anuncian a Canó como su fichaje estrella,"Con 335 jonrones en 17 tempo-radas en Grandes Ligas (MLB), Robinson Canó es el gran fichaje de la temporada en la Liga Mexicana de Beisbol (LMB)",Deportes,https://www.jornada.com.mx/2024/03/02/deportes/a11n2dep?partner=rss,02/03/2024
La Jornada,Rublev insulta a juez y lo expulsan,"Andrey Rublev, quinto en el ranking de la ATP, fue descalificado ayer en la semifinal del Torneo de Dubái por insultar y gritarle en la cara al juez de línea. El ruso explotó luego de que su rival, el kazajo Alexander Bublik, supuestamente ganó un punto para irse arriba 6-5 en el set decisivo. El supervisor Roland Herfel aseguró que el tenista le dijo una grosería en su lengua materna, mientras el jugador declaró haber lanzado frases en inglés. Bublik ahora se enfrentará al francés Ugo Humbert, quien eliminó al campeón defensor Daniil Medvedev.",Deportes,https://www.jornada.com.mx/2024/03/02/deportes/a10n3dep?partner=rss,02/03/2024
La Jornada,Mazatlán quita el invicto a Necaxa; lo vence 2-1,"El invicto de nueve partidos sin derrota de Necaxa cayó en la jornada 10 de la Liga MX. La racha ganadora de los Rayos fue detenida por un Mazatlán que no ha tenido regularidad en el torneo, pero que en fechas recientes ha logrado rescatar empates importantes ante el América y el Guadalajara.",Deportes,https://www.jornada.com.mx/2024/03/02/deportes/a27n2dep?partner=rss,02/03/2024
La Jornada,Capital rojiblanca; afición de Chivas hace sentir su amor por la camiseta,"En cada lugar donde juega el Guadalajara florece un amor de primavera. Sus aficionados reconocen fervorosamente el esfuerzo y la importancia de sus colores, cantan orgullosos porque los jugadores más representativos del futbol mexicano, los campeonísimos de los años 50 como Guillermo El Tigre Sepúlveda, Salvador Reyes, Jaime El Tubo Gómez y José Jamaicón Villegas, hicieron de su escudo uno de los más ganadores. “¡Chiiivas, Chiiivas!”.",Deportes,https://www.jornada.com.mx/2024/03/02/deportes/a11n1dep?partner=rss,02/03/2024
La Jornada,"González y Skupski, a la final de dobles del Abierto de Acapulco","Acapulco, Gro., Santiago González y su pareja Neal Skupski están a un paso de convertirse en los monarcas de dobles del Abierto Mexicano de Tenis.",Deportes,https://www.jornada.com.mx/2024/03/02/deportes/a27n1dep?partner=rss,02/03/2024
La Jornada,Verstappen se queda con la primera pole de 2024,La separación entre Sergio Pérez y Max Verstappen fue mínima. Una distancia de 358 milésimas fue la diferencia entre la pole position del neerlandés y el quinto lugar en el que largará el mexicano en la primera carrera de la temporada de la Fórmula 1 en Baréin.,Deportes,https://www.jornada.com.mx/2024/03/02/deportes/a10n1dep?partner=rss,02/03/2024
La Jornada,López: el Tri femenil “no  se achicará” ante Paraguay,"Pedro López, entrenador de la selección femenil mexicana, aseguró que el equipo no se sentirá intimidado por Paraguay, su rival de este domingo en los cuartos de final de la Copa Oro W y el cual se caracteri-za por desplegar un juego brusco, además de que cuenta con un buen nivel competitivo.",Deportes,https://www.jornada.com.mx/2024/03/02/deportes/a11n4dep?partner=rss,02/03/2024
La Jornada,Luchadores rompen 28 años de ausencia en los Olímpicos; logran dos plazas a París,"Acapulco, Gro., La lucha mexicana rompió una sequía de 28 años en la modalidad libre y consiguió dos plazas para París 2024 en el torneo Preolímpico que concluyó ayer en Acapulco.",Deportes,https://www.jornada.com.mx/2024/03/02/deportes/a10n2dep?partner=rss,02/03/2024
